nama_product,foto_product,harga_product,diskon_product,rating_product,review_product,description
Greenlight Dress T-Shirt Wanita Katun Hibiki 010524,https://images.tokopedia.net/img/cache/300-square/hDjmkQ/2024/6/5/51ebf403-ea8e-469a-ac24-f43ae520a565.jpg,Rp207.200,20,0,0,"Greenlight Dress
Kaos Dress, T-Shirt Dress, Katun -- Simple, casual, serta kenyamanan anti gerah ada di dress dari Greenlight ini! Bahan katun yang bersifat yang menyerap keringat, adem, mudah di rawat, akan cocok dengan kamu yang beraktivitas sepanjang hari! Dapat dipadu-padankan dengan outer maupun jaket, kamu siap berangkat dengan percaya diri!
Detail
Produk Original Greenlight
Bahan: Katun (Lightweight)
T-Shirt Dress
Saku di bagian kanan & kiri
Warna: Mocha Mousse (Coklat)
Ukuran
S : Lebar Dada 56 cm, Panjang Badan 108 cm, Panjang Tangan 16 cm, Lebar Bawah 60 cm
M : Lebar Dada 58 cm, Panjang Badan 110 cm, Panjang Tangan 17 cm, Lebar Bawah 62 cm
L : Lebar Dada 60 cm, Panjang Badan 112 cm, Panjang Tangan 18 cm, Lebar Bawah 64 cm
XL : Lebar Dada 62 cm, Panjang Badan 114 cm, Panjang Tangan 19 cm, Lebar Bawah 66 cm
Catatan
Toleransi Ukuran (-+) 1-3 cm
Warna mungkin dapat berbeda akibat cahaya saat pengambilan foto maupun kondisi gadget saat melihat foto ini"
3Second Topi Pria Baseball Caps Arizona C030324,https://images.tokopedia.net/img/cache/300-square/hDjmkQ/2024/6/5/0e0b5fea-c3f8-4d31-ba72-ee61b459ad0e.jpg,Rp159.200,20,0,0,"3Second Topi Baseball Caps
Tampil keren dan sporty dengan Baseball Cap dari 3Second! Topi ini dirancang untuk memberikan kenyamanan dan gaya yang maksimal. Terbuat dari bahan berkualitas tinggi, topi ini nyaman dipakai sepanjang hari dan tahan lama. Desainnya yang trendi cocok dipadukan dengan berbagai outfit, dari kasual hingga streetwear. Jadikan Baseball Cap 3Second sebagai aksesori utama Anda untuk melengkapi penampilan yang stylish dan percaya diri setiap saat!
Detail
Produk Original 3Second
Bahan: Poly Twill
Warna:
> Green (Hijau), Black (Hitam)
> Green (Hijau), Off White (Cream)
All Size
Catatan
Warna mungkin dapat berbeda akibat cahaya saat pengambilan foto maupun kondisi gadget saat melihat foto ini."
3Second Kaos Kaki Classic Stripe - Isi 2 (Hitam dan Putih) 010724,https://images.tokopedia.net/img/cache/300-square/hDjmkQ/2024/6/5/26e81f56-0d7c-47a2-a83b-830b8625ba33.jpg,Rp119.200,20,0,0,"3Second Kaos Kaki
Bosan dengan kaos kaki yang gerah dan seringkali berbau tidak sedap? Artinya, kamu butuh kos kaki yang esktra menyerap dan meiliki sirkulasi yang baik untuk kakimu! Kaos kaki dari 3Second ini terbuat dari bahan yang lembut, menyerap keringat, serta membuat gayamu semakin keren! Dengan stripe di bagian atas, membuat tampilanmu akan semakin menarik dengan sepatu apapun.
Detail
Produk Original 3Second
Bahan: Katun Lycra, Nylon Elastic
Warna: White (Putih), Blackburn (Hitam), Stripe
All Size fit to M
Catatan
Warna mungkin dapat berbeda akibat cahaya saat pengambilan foto maupun kondisi gadget saat melihat foto ini."
Greenlight Kaos Wanita Lengan Pendek Katun Hayake C070624,https://images.tokopedia.net/img/cache/300-square/hDjmkQ/2024/5/31/adc7604e-648b-4409-9534-e9f314f654d8.jpg,Rp159.200,20,0,0,"Greenlight Kaos Wanita
Kaos Wanita Lengan Pendek, Katun Lightweight -- Punya banyak outer, kemeja, dan jaket? Buat outfitmu menjadi baru dan stylish dengan kaos ini! Bahkan digunakan tanpa tambahan apapun, padu padankan dengan berbagai bawahan kaos ini akan cocok untuk menemani harimu!
Detail
Produk Original Greenlight
Bahan: Katun
Warna:
> Putih
> Dawin Pink (Ungu Muda)
Ukuran
S : Lebar Dada 45 cm, Panjang Badan 58 cm, Panjang Tangan 19.5 cm
M : Lebar Dada 47 cm, Panjang Badan 60 cm, Panjang Tangan 20.5 cm
L : Lebar Dada 49 cm, Panjang Badan 62 cm, Panjang Tangan 21.5 cm
XL : Lebar Dada 51 cm, Panjang Badan 64 cm, Panjang Tangan 22.5 cm
Catatan
Toleransi Ukuran (-+) 1-3 cm
Warna mungkin dapat berbeda akibat cahaya saat pengambilan foto maupun kondisi gadget saat melihat foto ini."
Greenlight Kaos Wanita Lengan Pendek Katun Kikio 130624,https://images.tokopedia.net/img/cache/300-square/hDjmkQ/2024/5/31/2745aeb5-f2db-4ccd-b9e6-7c62a852f124.jpg,Rp149.250,25,0,0,"Greenlight Kaos Wanita
Kaos Wanita Lengan Pendek, Katun Lightweight -- Punya banyak outer, kemeja, dan jaket? Buat outfitmu menjadi baru dan stylish dengan kaos ini! Bahkan digunakan tanpa tambahan apapun, padu padankan dengan berbagai bawahan kaos ini akan cocok untuk menemani harimu!
Detail
Produk Original Greenlight
Bahan: Katun
Warna: Whisper White (Putih)
Ukuran
S : Lebar Dada 45 cm, Panjang Badan 58 cm, Panjang Tangan 19.5 cm
M : Lebar Dada 47 cm, Panjang Badan 60 cm, Panjang Tangan 20.5 cm
L : Lebar Dada 49 cm, Panjang Badan 62 cm, Panjang Tangan 21.5 cm
XL : Lebar Dada 51 cm, Panjang Badan 64 cm, Panjang Tangan 22.5 cm
Catatan
Toleransi Ukuran (-+) 1-3 cm
Warna mungkin dapat berbeda akibat cahaya saat pengambilan foto maupun kondisi gadget saat melihat foto ini."
Greenlight Kaos Wanita Lengan Pendek Katun Hinata 050624,https://images.tokopedia.net/img/cache/300-square/hDjmkQ/2024/5/31/91ff8f26-b5b7-45fd-86e2-90b73e003ea3.jpg,Rp143.200,20,0,0,"Greenlight Kaos Wanita
Kaos Wanita Lengan Pendek, Katun Lightweight -- Punya banyak outer, kemeja, dan jaket? Buat outfitmu menjadi baru dan stylish dengan kaos ini! Bahkan digunakan tanpa tambahan apapun, padu padankan dengan berbagai bawahan kaos ini akan cocok untuk menemani harimu!
Detail
Produk Original Greenlight
Bahan: Katun
Warna: Cappucino Foam (Cream)
Ukuran
S : Lebar Dada 53 cm, Panjang Badan 20 cm, Panjang Tangan 20 cm
M : Lebar Dada 55 cm, Panjang Badan 21 cm, Panjang Tangan 21 cm
L : Lebar Dada 57 cm, Panjang Badan 22 cm, Panjang Tangan 22 cm
XL : Lebar Dada 59 cm, Panjang Badan 23 cm, Panjang Tangan 23 cm
Catatan
Toleransi Ukuran (-+) 1-3 cm
Warna mungkin dapat berbeda akibat cahaya saat pengambilan foto maupun kondisi gadget saat melihat foto ini."
Greenlight Sendal Gunung Pria Highland Sandals Outdoor 030624,https://images.tokopedia.net/img/cache/300-square/hDjmkQ/2024/5/31/3105d54f-4033-4fc4-adb7-2b46f6b4eddb.jpg,Rp279.650,15,0,0,"Greenlight Sendal Pria
Dibuat khusus untuk petualangan di alam terbuka, sandal ini adalah pilihan yang tepat untuk menjelajahi berbagai medan. Dengan desain yang kokoh dan tahan lama, sandal ini memberikan perlindungan maksimal pada kaki Anda. Sol khusus gunung memberikan traksi yang baik, sehingga Anda dapat menghadapi tanah yang berbatu atau licin dengan percaya diri. Tidak hanya itu, sandal ini juga didesain dengan kenyamanan yang optimal. Tali yang dapat disesuaikan memastikan pas yang pas dan nyaman pada setiap langkah. Jadi, siapkan diri Anda untuk menaklukkan rintangan dengan Sendal Gunung Greenlight ini, dan rasakan kenyamanan di setiap petualangan! 🏔️👣
Detail
Produk Original Greenlight
Upper: Tekstil, Kulit Sintetis
Sol: EVA, Rubber (Karet)
Available size
Size 40: 26 cm
Size 41: 27 cm
Size 42: 27.5 cm
Size 43: 28 cm
Size 44: 29 cm
Catatan
Warna mungkin dapat berbeda akibat cahaya saat pengambilan foto maupun kondisi gadget saat melihat foto ini"
Greenlight Sendal Roll Strap Wanita Traveling Outdoor Arista 010624,https://images.tokopedia.net/img/cache/300-square/hDjmkQ/2024/5/31/be86433e-81e2-4960-948b-20cc73591801.jpg,Rp228.650,15,0,0,"Greenlight Sendal Wanita
Sandal Gunung Wanita, Sandal Roll Strap, Sendal Traveling, Sandal Strap, Sandal Wanita Outdoor -- Pecinta kenyamanan dalam berpakaian wajib coba sendal satu ini! Greenlight mendesain sendal ini agar sesuai dengan aktivitas ooutdoor hingga indoor yang disesuaikan pula dengan bentuk kaki wanita, serta tampil dalam warna yang cerah!
Detail
Produk Original Greenlight
Bahan Upper: Webbing Strap
Bahan Sol: Eva
Warna: Peach Pink
Size 37: 25 cm
Size 38: 25,5 cm
Size 39: 26 cm
Size 40: 27 cm
Catatan
Toleransi Ukuran (-+) 0,5 - 1 cm
Warna mungkin dapat berbeda akibat cahaya saat pengambilan foto maupun kondisi gadget saat melihat foto ini"
3Second Sendal Pria Slider Slip On Othicopa C010624,https://images.tokopedia.net/img/cache/300-square/hDjmkQ/2024/5/31/a56e9e50-3c83-487e-aa1e-e5375e1f7c44.jpg,Rp183.200,20,100,1,"3Second Sendal Pria
Sandal Slider, Sandal Slip On -- Produk footwear dari 3Second ini dapat membantumu beraktivitas santai dengan nyaman. Cocok untuk digunakan di dalam dan luar ruangan sekalipun!
Detail
Produk Original 3Second
Bahan Upper: PVC
Bahan Sol: Eva Phylon
Warna:
[01] All Black (Hitam)
[02] Coklat, Grey (Abu-abu)
[03] Green (Hijau), Black (Hitam)
[04] Grey (Abu-abu), White (Putih)
Size 40: 26 cm
Size 41: 27 cm
Size 42: 27,5 cm
Size 43: 28,5 cm
Size 44: 29 cm
Catatan
Toleransi Ukuran (-+) 0,5 - 1 cm
Warna mungkin dapat berbeda akibat cahaya saat pengambilan foto maupun kondisi gadget saat melihat foto ini"
Greenlight Kaos Wanita Marukochan Sister Roadtrip OL-C030424,https://images.tokopedia.net/img/cache/300-square/hDjmkQ/2024/5/29/758dfd39-4efd-47ff-a10c-ece55ccc6855.jpg,Rp94.500,50,0,0,"Greenlight Kaos Wanita
Kaos Wanita, Lengan Pendek, Katun 24s -- Tampil casual, santai di berbagai kesempatan membuat nyaman sepanjang hari. Untuk mendapatkan perasaan seperti itu, kamu butuh kaos dari Greenlight ini! Katun yang ringan, adem, menyerap keringat dengan baik dapat membuatmu nyaman beraktivitas seharian.
Detail
Produk Original Greenlight
Bahan: Katun
Sablon DTF
Warna:
> Off White (Putih)
> Coklat
Ukuran
S : Lebar Dada 45 cm, Panjang Badan 58 cm, Panjang Tangan 19.5 cm
M : Lebar Dada 47 cm, Panjang Badan 60 cm, Panjang Tangan 20.5 cm
L : Lebar Dada 49 cm, Panjang Badan 62 cm, Panjang Tangan 21.5 cm
XL : Lebar Dada 51 cm, Panjang Badan 64 cm, Panjang Tangan 22.5 cm
Dapatkan sekarang, sebelum kehabisan‼️ Penawaran terbatas.
Catatan
Toleransi Ukuran (-+) 1-3 cm
Warna mungkin dapat berbeda akibat cahaya saat pengambilan foto maupun kondisi gadget saat melihat foto ini"
3Second Kaos Wanita Katun Regular Fit Pawpaw OL-C040424,https://images.tokopedia.net/img/cache/300-square/hDjmkQ/2024/5/28/63513722-ed36-464f-a8f5-78e544fe0858.jpg,Rp71.550,55,0,0,"3Second Kaos Wanita
Kaos Wanita, Katun, Lengan Pendek -- Tampil casual, santai, namun tetap terlihat cantik di berbagai kesempatan membuat nyaman sepanjang hari. Untuk mendapatkan perasaan seperti itu, kamu butuh kaos dari 3Second ini! Katun yang ringan, adem, menyerap keringat dengan baik dapat membuatmu nyaman beraktivitas seharian.
Detail
Produk Original 3Second
Bahan: Katun (Lightweight)
Kaos Wanita Regular Fit
Warna:
> Dark Navy (Biru)
> Fairy Pink
Ukuran
S : Lebar Dada 45 cm, Panjang Badan 58 cm, Panjang Tangan 19.5 cm
M : Lebar Dada 47 cm, Panjang Badan 60 cm, Panjang Tangan 20.5 cm
L : Lebar Dada 49 cm, Panjang Badan 62 cm, Panjang Tangan 21.5 cm
XL : Lebar Dada 51 cm, Panjang Badan 64 cm, Panjang Tangan 22.5 cm
Catatan
Toleransi Ukuran (-+) 1-3 cm
Warna mungkin dapat berbeda akibat cahaya saat pengambilan foto maupun kondisi gadget saat melihat foto ini"
Greenlight Foraker Celana Cargo Pendek Pria C031223,https://images.tokopedia.net/img/cache/300-square/hDjmkQ/2024/5/22/d0416ff8-2f54-417c-a4d3-c00871d066b4.jpg,Rp335.200,20,100,1,"Greenlight Celana Pria
Celana Cargo Pendek, Katun Nylon, Celana Pendek Parasut -- Hidup enggak melulu kaku dan formal, cukup punya satu celana ini di lemari kamu, dijamin kamu jadi pribadi yang makin santai dan cenderung menyenangkan dilihat! Cocok untuk digunakan jalan-jalan santai baik di luar maupun dalam ruangan, celana ini pun dapat memuat barang bawaan kamu di saku-sakunya yang variatif. Anti ribet, cocok untuk pria simple!
Detail
Produk original Greenlight
Bahan: Katun Nylon
Celana Cargo Regular Fit
-- Go Outside Series --
Warna:
> Black (Hitam)
> Brown (Coklat)
Ukuran
29: Lebar Pinggang 40.75 cm, Panjang Celana 53.7 cm, Lebar Paha 35.9 cm
30: Lebar Pinggang 42 cm, Panjang Celana 54.3 cm, Lebar Paha 36.5 cm
32: Lebar Pinggang 44.5 cm, Panjang Celana 55.5 cm, Lebar Paha 37.7 cm
34: Lebar Pinggang 47 cm, Panjang Celana 58.7 cm, Lebar Paha 38.9 cm
36: Lebar Pinggang 49.5 cm, Panjang Celana 59.9 cm, Lebar Paha 40.1 cm
Catatan
Toleransi Ukuran (-+) 1-3 cm
Warna mungkin dapat berbeda akibat cahaya saat pengambilan foto maupun kondisi gadget saat melihat foto ini"
3Second Kaos Wanita Lengan Pendek Katun OL-C070424,https://images.tokopedia.net/img/cache/300-square/hDjmkQ/2024/5/21/cd2178f6-6321-4b24-b3d1-0ac60752108b.jpg,Rp94.500,50,0,0,"3Second Kaos Wanita
Pilih Kaos 3Second untuk tampilan yang keren dan gaya yang santai sehari-hari! Dibuat dengan desain yang trendy dan kualitas terbaik, kaos ini adalah pilihan yang tepat untuk melengkapi koleksi pakaianmu. Kaos 3Second dapat dengan mudah dipadukan dengan celana favoritmu untuk tampilan yang selalu fresh dan kekinian. Bahan katunnya juga memberikan kenyamanan saat dipakai seharian.
Detail
Produk Original 3Second
Bahan: Katun
Kaos Wanita
Warna:
> Ungu Tua
> Hitam
Ukuran
S : Lebar Dada 53 cm, Panjang Badan 70 cm, Panjang Tangan 21.5 cm
M : Lebar Dada 55 cm, Panjang Badan 72 cm, Panjang Tangan 22.5 cm
L : Lebar Dada 57 cm, Panjang Badan 74 cm, Panjang Tangan 23.5 cm
XL : Lebar Dada 59 cm, Panjang Badan 76 cm, Panjang Tangan 24.5 cm
Catatan
Toleransi Ukuran (-+) 1-3 cm
Warna mungkin dapat berbeda akibat cahaya saat pengambilan foto maupun kondisi gadget saat melihat foto ini"
FMC Kaos Pria Lengan Pendek Katun Familia 020624,https://images.tokopedia.net/img/cache/300-square/hDjmkQ/2024/5/20/d13980fb-392f-4223-8075-0584998740f7.jpg,Rp175.200,20,100,1,"FMC Kaos Pria
Kaos Lengan Pendek -- Bergaya dengan maksimal ketika berkendara hingga sekedar beraktivitas merupakan salah satu cara menghargai diri sendiri. Dapatkan kaos dari FMC ini, untuk kamu yang beraktivitas padat baik indoor maupun outdoor yang didukung dengan bahan katun adem, menyerap keringat dan nyaman digunakan. Jangan sampai kehabisan!
Detail
Produk Original FMC
Bahan: Katun
Sablon Rubber - Regular Fit
Warna: Jet Black (Hitam)
Ukuran
S : Lebar Dada 52 cm, Panjang Badan 71.5 cm, Panjang Tangan 25 cm
M : Lebar Dada 53.5 cm, Panjang Badan 73.5 cm, Panjang Tangan 26 cm
L : Lebar Dada 55 cm, Panjang Badan 75.5 cm, Panjang Tangan 27 cm
XL : Lebar Dada 56.5 cm, Panjang Badan 75.5 cm, Panjang Tangan 27 cm
Catatan:
Toleransi Ukuran (-+) 1-3 cm
Warna mungkin dapat berbeda akibat cahaya saat pengambilan foto maupun kondisi gadget saat melihat foto ini"
FMC Topi Pria Baseball Cap Hickory C010324,https://images.tokopedia.net/img/cache/300-square/hDjmkQ/2024/5/20/e5ec91f5-ad4c-4011-9815-4cd686195e8b.jpg,Rp215.200,20,0,0,"FMC Topi Pria
Topi pria, Baseball Caps, Topi Denim -- Bepergian rasanya tidak lengkap dengan aksesoris yang berguna sebagai pelindung kepala, serta fashion statement yang ciamik ini! Dengan desain logo simple, cocok untuk digunakan bersama dengan beragam baju. Ambil sekarang, jangan sampai kehabisan!
Detail
Produk Original FMC
Bahan: Katun (Denim)
Warna:
> Hitam
> Navy (Biru)
Catatan:
Warna mungkin dapat berbeda akibat cahaya saat pengambilan foto maupun kondisi gadget saat melihat foto ini"
Greenlight Topi Trucker Hat Blackburn C010624,https://images.tokopedia.net/img/cache/300-square/hDjmkQ/2024/5/20/55973fae-112e-4309-b012-b8ec22b7f699.jpg,Rp151.200,20,0,0,"Greenlight Topi Pria
Topi pria, Trucker Hat, Topi Jaring -- Bepergian rasanya tidak lengkap dengan aksesoris yang berguna sebagai pelindung kepala, serta fashion statement yang ciamik ini! Dengan desain logo simple, cocok untuk digunakan bersama dengan beragam baju. Ambil sekarang, jangan sampai kehabisan!
Detail
Produk Original Greenlight
Bahan: Katun, Polyester
-- Go Outside Series --
Warna:
> Hitam
> Navy (Biru)
Catatan:
Warna mungkin dapat berbeda akibat cahaya saat pengambilan foto maupun kondisi gadget saat melihat foto ini"
FMC Kaos Pria Lengan Panjang Katun Familia 040624,https://images.tokopedia.net/img/cache/300-square/hDjmkQ/2024/5/20/7b126d52-f31e-414f-8289-a57e74bd02a4.jpg,Rp191.200,20,0,0,"FMC Kaos Pria
Kaos Lengan Panjang -- Bergaya dengan maksimal ketika berkendara hingga sekedar beraktivitas merupakan salah satu cara menghargai diri sendiri. Dapatkan kaos lengan panjang dari FMC ini, untuk kamu yang beraktivitas padat baik indoor maupun outdoor yang didukung dengan bahan katun adem, menyerap keringat dan nyaman digunakan. Jangan sampai kehabisan!
Detail
Produk Original FMC
Bahan: Katun
Sablon Rubber
Warna: Blanc de Blanc (Putih)
Ukuran
S : Lebar Dada 52 cm, Panjang Badan 71.5 cm, Panjang Tangan 62.5 cm
M : Lebar Dada 53.5 cm, Panjang Badan 73.5 cm, Panjang Tangan 63.5 cm
L : Lebar Dada 55 cm, Panjang Badan 75.5 cm, Panjang Tangan 64.5 cm
XL : Lebar Dada 56.5 cm, Panjang Badan 75.5 cm, Panjang Tangan 64.5 cm
Catatan:
Toleransi Ukuran (-+) 1-3 cm
Warna mungkin dapat berbeda akibat cahaya saat pengambilan foto maupun kondisi gadget saat melihat foto ini"
Greenlight Kaos Wanita Mika Lengan Pendek Katun 050524,https://images.tokopedia.net/img/cache/300-square/hDjmkQ/2024/5/17/59cda4f6-dc80-441f-b514-793e8e33373c.jpg,Rp143.200,20,100,1,"Greenlight Kaos Wanita
Kaos Wanita, Lengan Pendek, Katun 24s -- Tampil casual, santai di berbagai kesempatan membuat nyaman sepanjang hari. Untuk mendapatkan perasaan seperti itu, kamu butuh kaos dari Greenlight ini! Katun yang ringan, adem, menyerap keringat dengan baik dapat membuatmu nyaman beraktivitas seharian.
Detail
Produk Original Greenlight
Bahan: Katun (Lightweight)
Warna: Pink Muda
Ukuran
S : Lebar Dada 47 cm, Panjang Badan 53 cm, Panjang Tangan 19.5 cm
M : Lebar Dada 49 cm, Panjang Badan 55 cm, Panjang Tangan 20.5 cm
L : Lebar Dada 51 cm, Panjang Badan 57 cm, Panjang Tangan 21.5 cm
XL : Lebar Dada 53 cm, Panjang Badan 59 cm, Panjang Tangan 22.5 cm
Dapatkan sekarang, sebelum kehabisan‼️ Penawaran terbatas.
Catatan
Toleransi Ukuran (-+) 1-3 cm
Warna mungkin dapat berbeda akibat cahaya saat pengambilan foto maupun kondisi gadget saat melihat foto ini"
Three2nd Celana Panjang Chino Regular Fit Katun C040524,https://images.tokopedia.net/img/cache/300-square/hDjmkQ/2024/5/16/83ea94c4-f2b1-41d3-b37c-fb7ff9d5c13b.jpg,Rp455.200,20,0,0,"Three2nd Celana Pria
Celan Panjang Chino, Regular Fit -- Bepergian dengan nyaman, dan sesuai setiap waktu dengan Celana dari Three2nd ini! Terbuat dari full katun, celana ini dapat membuat lekuk tubuhmu semakin proporsional serta memberikanmu kenyamanan penuh sepanjang hari. Dapatkan sekarang, buat tampilanmu semakin percaya diri!
Detail
Produk original 3Second
Bahan: Katun
Warna:
> Black (Hitam)
> Navy (Biru)
> Khaky (Cream)
Ukuran
29: Lebar Pinggang 40 cm, Panjang Celana 103 cm, Lebar Bawah 19.5 cm, Lebar Paha 33 cm
30: Lebar Pinggang 41.5 cm, Panjang Celana 104 cm, Lebar Bawah 20 cm, Lebar Paha 34 cm
32: Lebar Pinggang 44 cm, Panjang Celana 105 cm, Lebar Bawah 21.5 cm, Lebar Paha 35 cm
34: Lebar Pinggang 46.5 cm, Panjang Celana 106 cm, Lebar Bawah 22.5 cm, Lebar Paha 37 cm
36: Lebar Pinggang 49 cm, Panjang Celana 107.5 cm, Lebar Bawah 24 cm, Lebar Paha 37.5 cm
Catatan
Toleransi Ukuran (-+) 1-3 cm
Warna mungkin dapat berbeda akibat cahaya saat pengambilan foto maupun kondisi gadget saat melihat foto ini"
Greenlight Tas Sling Bag Pria Budapest Army and Black Polyester C030224,https://images.tokopedia.net/img/cache/300-square/hDjmkQ/2024/5/14/595957d3-baa0-4cdf-83ab-71e6513e8d1d.jpg,Rp159.200,20,0,0,"Greenlight Tas Pria
Barang bawaan cukup banyak namun kamu suka tas yang simple dan mudah dibawa kemanapun? Tas ini jawabannya! Dengan bahan full polyester, tas ini cocok untuk menemanimu beraktivitas sepanjang hari dengan barang bawaan yang tetap aman!
Detail
Produk Original Greenlight
Tas Pria Sling Bag Budapest
Bahan: Full Polyester [Kuat, tahan lama]
Warna:
> Army, Hitam
> Full hitam
Panjang 28 cm, Lebar 11 cm, Tinggi 23 cm
Kapasitas (-+) 5 Liter
Catatan
Warna mungkin dapat berbeda akibat cahaya saat pengambilan foto maupun kondisi gadget saat melihat foto ini"
3Second x RRQ Kaos Pria Lengan Pendek Regular Typo 280424,https://images.tokopedia.net/img/cache/300-square/hDjmkQ/2024/5/14/1de2f8c1-3e3d-43d5-b1ad-94feb229d300.jpg,Rp159.200,20,100,1,"3Second x RRQ
RRQ sebagai salah satu team E-Sports terbaik di Indonesia kini berkolaborasi dengan 3Second untuk mempersembahkan koleksi pakaian terbaru yang stylish. Seperti perjuangan team E-Sports RRQ, koleksi kolaborasi ini pun dibuat dengan sangat telaten sehingga menghasilkan karya terbaik dan ciamik untuk digunakan sehari-hari. Beli sekarang dan buktikan dukunganmu pada team RRQ melalui koleksi 3Second x RRQ ini!
Detail
Produk Original 3Second x RRQ
Bahan: Polyester Spandeks
Warna: Mocha Mousse (Coklat)
Ukuran
S : Lebar Dada 52 cm, Panjang Badan 71 cm, Panjang Tangan 22 cm
M : Lebar Dada 54 cm, Panjang Badan 73 cm, Panjang Tangan 23 cm
L : Lebar Dada 56 cm, Panjang Badan 75 cm, Panjang Tangan 24 cm
XL : Lebar Dada 58 cm, Panjang Badan 77 cm, Panjang Tangan 25 cm
Catatan
Toleransi Ukuran (-+) 1-3 cm
Warna mungkin dapat berbeda akibat cahaya saat pengambilan gambar maupun kondisi gadget saat melihat gambar ini
#YouAreWhatYouWear"
Greenlight Jaket Hoodie Perth Regular Fit Katun Fleece C030524,https://images.tokopedia.net/img/cache/300-square/VqbcmM/2024/5/10/88092f40-9748-4c9c-b3e3-137909989040.jpg,Rp383.200,20,100,1,"Greenlight Hoodie
Bawa gaya Anda ke level berikutnya dengan Hoodie Greenlight kami yang stylish! Didesain untuk memberikan kenyamanan dan kehangatan ekstra, dibuat dengan perhatian pada detail dan kualitas, hoodie ini menjadi pilihan yang tepat untuk menunjang penampilan Anda dalam berbagai kesempatan. Dengan tampilan yang trendi dan kenyamanan yang tak tertandingi, Hoodie Greenlight adalah investasi gaya yang tak akan mengecewakan. Jadi, siap untuk merasakan kenyamanan dan keanggunan kasual yang istimewa dengan Hoodie Greenlight ini!
Detail
Produk Original Greenlight
Bahan: Katun Fleece Polyester
Regular Fit
Warna:
> Jet Black (Hitam)
> Duffel Bag (Hijau)
Ukuran
S : Lebar Dada 58 cm, Panjang Badan 64 cm, Panjang Tangan 60 cm
M : Lebar Dada 60 cm, Panjang Badan 66 cm, Panjang Tangan 61 cm
L : Lebar Dada 62 cm, Panjang Badan 68 cm, Panjang Tangan 62 cm
XL : Lebar Dada 64 cm, Panjang Badan 70 cm, Panjang Tangan 63 cm
Catatan
Toleransi Ukuran (-+) 1-3 cm
Warna mungkin dapat berbeda akibat cahaya saat pengambilan gambar maupun kondisi gadget saat melihat gambar ini"
3Second Dompet Pria Halburnt Simple Polyester C010324,https://images.tokopedia.net/img/cache/300-square/hDjmkQ/2024/5/10/0fe8387b-8251-4b42-b871-42d14386ee0d.jpg,Rp127.200,20,0,0,"3Second Dompet Pria
Dirancang untuk memberikan gaya dan fungsionalitas dalam satu paket yang ramping, dompet ini tidak hanya menawarkan penampilan yang stylish, tetapi juga memberikan perlindungan yang aman untuk kartu dan uang Anda. Dengan desain yang elegan, dompet ini cocok untuk digunakan sehari-hari dan mudah dipadukan dengan gaya Anda. Jangan ngaku Pria Simple, jika Anda belum memiliki dompet ini!
Detail
Produk Original 3Second
Bahan: Polyester
Warna:
> Hitam
> Abu-abu
Catatan
Warna mungkin dapat berbeda akibat cahaya saat pengambilan gambar maupun kondisi gadget saat melihat gambar ini"
Famo Dompet Lipat Paula Pria Kulit PU 030324,https://images.tokopedia.net/img/cache/300-square/hDjmkQ/2024/5/10/3b0a9644-589b-4b8b-8f03-3935b08a7a10.jpg,Rp159.200,20,0,0,"Famo Dompet Pria
Sebagai laki-laki, pasti bisa tahan bertahun-tahun nggak ganti dompet deh! Makanya, perlu dompet yang berkualitas dan tahan banting kayak dompet dari Famo ini! Tampilannya yang elegan, dengan corak istimewa, bikin semangat nambahin isi dompetnya! :D Ambil sekarang, jangan sampai kelewat promonya.
Detail
Produk Original Famo
Dompet Pria Lipat
Bahan: Kulit Sintetis (PU), Polyester
Warna: Black (Hitam)
Catatan
Warna mungkin dapat berbeda akibat cahaya saat pengambilan foto maupun kondisi gadget saat melihat foto ini"
Famo Dompet Lipat Paundri Pria Kulit PU 010324,https://images.tokopedia.net/img/cache/300-square/hDjmkQ/2024/5/10/08fe6d3e-104e-4135-aa84-0e8bd0e247b7.jpg,Rp159.200,20,0,0,"Famo Dompet Pria
Sebagai laki-laki, pasti bisa tahan bertahun-tahun nggak ganti dompet deh! Makanya, perlu dompet yang berkualitas dan tahan banting kayak dompet dari Famo ini! Tampilannya yang elegan, dengan corak istimewa, bikin semangat nambahin isi dompetnya! Ambil sekarang, jangan sampai kelewat promonya.
Detail
Produk Original Famo
Dompet Pria Lipat
Bahan: Kulit Sintetis (PU), Polyester
Warna: Black (Hitam)
10 Slot Kartu
Ukuran
Panjang (Dilipat) 11.5 cm
Panjang (Terbuka) 22 cm
Tinggi 9 cm
Catatan
Warna mungkin dapat berbeda akibat cahaya saat pengambilan foto maupun kondisi gadget saat melihat foto ini"
Greenlight Exeter Card Holder Dompet C110224,https://images.tokopedia.net/img/cache/300-square/hDjmkQ/2024/5/10/15a49b11-1b70-46fc-b67d-029270ff1dc4.jpg,Rp135.200,20,0,0,"Greenlight Dompet Pria
Sebagai laki-laki, pasti bisa tahan bertahun-tahun nggak ganti dompet deh! Makanya, perlu dompet yang berkualitas dan tahan banting kayak dompet dari Greenlight ini! Tampilannya yang elegan, dengan corak istimewa, bikin semangat nambahin isi dompetnya! :D Ambil sekarang, jangan sampai kelewat promonya.
Detail
Produk Original Greenlight
Dompet Kartu Pria - Card Holder
Bahan: Polyester
Warna: Black (Hitam)
Ukuran Free Size
Panjang 12 cm, Lebar 18 cm, Ketebalan 1 cm
Catatan
Warna mungkin dapat berbeda akibat cahaya saat pengambilan foto maupun kondisi gadget saat melihat foto ini"
3Second Women's Gianna Totebag C010324,https://images.tokopedia.net/img/cache/300-square/hDjmkQ/2024/5/10/dfe48e2e-29b9-4e1e-8afa-7f0a6247ad61.jpg,Rp295.200,20,0,0,"3Second Tas Wanita
Satu tas, cukup! Barang bawaan kamu banyak? Jangan khawatir, totebag dari 3Second ini memiliki kapasitas yang besar dan cukup memuat barang bawaan kamu kemanapun dengan aman.
Detail
Produk Original 3Second
Totebag - Tas Selempang
Bahan: Polyester, Katun
Warna:
> Cream, Navy, Merah
> Navy, Hijau, Cream
Ukuran
Panjang 29 cm, Tinggi 36.5 cm, Lebar 10 cm
Kapasitas (-+) 10 Liter
Spesifikasi:
Laptop Sleeve
1 Kompartemen kecil di luar
3 Sekat Jaring
1 Kompartemen utama dengan resleting
Catatan
Warna mungkin dapat berbeda akibat cahaya saat pengambilan foto maupun kondisi gadget saat melihat foto ini"
Famo Kaos Pria Regular Fit Katun Script Logo Basic C110424,https://images.tokopedia.net/img/cache/300-square/hDjmkQ/2024/5/8/da80dd4c-18b5-40a0-950d-05c97a5a9d4f.jpg,Rp135.850,35,0,0,"Famo Kaos Pria
Simple namun menawan, Anda akan terlihat percaya diri dan nyaman sepanjang hari! Cocok dipadukan dengan celana jeans atau celana pendek untuk tampilan yang santai namun tetap modis. Jadikan Kaos Pria Famo sebagai pilihan utama untuk penampilan yang keren dan tetap nyaman sepanjang hari!
Detail
Produk Original Famo
Bahan: Katun
Warna:
> White (Putih)
> Black (Hitam)
Ukuran
S : Lebar Dada 52.5 cm, Panjang Badan 71 cm, Panjang Tangan 23.5 cm
M : Lebar Dada 54 cm, Panjang Badan 73 cm, Panjang Tangan 24.5 cm
L : Lebar Dada 55.5 cm, Panjang Badan 75 cm, Panjang Tangan 25.5 cm
XL : Lebar Dada 57 cm, Panjang Badan 75 cm, Panjang Tangan 25.5 cm
Catatan
Toleransi Ukuran (-+) 1-3 cm
Warna mungkin dapat berbeda akibat cahaya saat pengambilan gambar maupun kondisi gadget saat melihat gambar ini"
3Second Kaos Wanita Lengan Pendek Katun OL-080424,https://images.tokopedia.net/img/cache/300-square/hDjmkQ/2024/5/8/a7a09cd0-8b6b-40fa-b032-6b544ab7cc28.jpg,Rp99.499,47,0,0,"3Second Kaos Wanita
Pilih Kaos 3Second untuk tampilan yang keren dan gaya yang santai sehari-hari! Dibuat dengan desain yang trendy dan kualitas terbaik, kaos ini adalah pilihan yang tepat untuk melengkapi koleksi pakaianmu. Kaos 3Second dapat dengan mudah dipadukan dengan celana favoritmu untuk tampilan yang selalu fresh dan kekinian. Bahan katunnya juga memberikan kenyamanan saat dipakai seharian.
Detail
Produk Original 3Second
Bahan: Katun
Kaos Wanita
Warna: Hitam
Ukuran
S : Lebar Dada 53 cm, Panjang Badan 70 cm, Panjang Tangan 21.5 cm
M : Lebar Dada 55 cm, Panjang Badan 72 cm, Panjang Tangan 22.5 cm
L : Lebar Dada 57 cm, Panjang Badan 74 cm, Panjang Tangan 23.5 cm
XL : Lebar Dada 59 cm, Panjang Badan 76 cm, Panjang Tangan 24.5 cm
Catatan
Toleransi Ukuran (-+) 1-3 cm
Warna mungkin dapat berbeda akibat cahaya saat pengambilan foto maupun kondisi gadget saat melihat foto ini"
Greenlight Kaos Pria Regular Fit Katun Berlin OL-C070424,https://images.tokopedia.net/img/cache/300-square/hDjmkQ/2024/5/7/5cce0405-59dc-4caf-9886-d8417e7ee3e9.jpg,Rp119.500,45,100,2,"Greenlight Kaos Pria
Kaos Regular Fit, Katun Lengan Pendek -- Cocok banget buat yang suka tampil simpel tapi tetap kece. Bahan katunnya bikin adem dan nyaman dipakai sehari-hari. Dengan desain yang timeless dan warna yang versatile, kaos ini gampang dipaduin dengan celana jeans atau celana favorit lainnya. Jadi, siap-siap buat tampil keren tanpa usaha berlebihan dengan Kaos Pria Greenlight ini!
Detail
Produk Original Greenlight
Bahan: Katun
Regular Fit -- Lengan Pendek
Warna:
> Green Army (Hijau)
> Black (Hitam)
Ukuran
S : Lebar Dada 52 cm, Panjang Badan 71 cm, Panjang Tangan 22 cm
M : Lebar Dada 54 cm, Panjang Badan 73 cm, Panjang Tangan 23 cm
L : Lebar Dada 56 cm, Panjang Badan 75 cm, Panjang Tangan 24 cm
XL : Lebar Dada 58 cm, Panjang Badan 77 cm, Panjang Tangan 25 cm
Catatan
Toleransi Ukuran (-+) 1-3 cm
Warna mungkin dapat berbeda akibat cahaya saat pengambilan foto maupun kondisi gadget saat melihat foto ini"
Greenlight Kaos Pria Regular Fit Katun Edinburgh OL-C030424,https://images.tokopedia.net/img/cache/300-square/hDjmkQ/2024/5/7/45f61bf5-4177-477e-916a-656becfa4e6f.jpg,Rp119.500,45,100,6,"Greenlight Kaos Pria
Kaos Regular Fit, Katun Lengan Pendek -- Cocok banget buat yang suka tampil simpel tapi tetap kece. Bahan katunnya bikin adem dan nyaman dipakai sehari-hari. Dengan desain yang timeless dan warna yang versatile, kaos ini gampang dipaduin dengan celana jeans atau celana favorit lainnya. Jadi, siap-siap buat tampil keren tanpa usaha berlebihan dengan Kaos Pria Greenlight ini! 👕✨
Detail
Produk Original Greenlight
Bahan: Katun
Sablon Print DTF
Warna:
> Black (Hitam)
> White (Putih)
Ukuran
S : Lebar Dada 52 cm, Panjang Badan 71 cm, Panjang Tangan 22 cm
M : Lebar Dada 54 cm, Panjang Badan 73 cm, Panjang Tangan 23 cm
L : Lebar Dada 56 cm, Panjang Badan 75 cm, Panjang Tangan 24 cm
XL : Lebar Dada 58 cm, Panjang Badan 77 cm, Panjang Tangan 25 cm
Catatan
Toleransi Ukuran (-+) 1-3 cm
Warna mungkin dapat berbeda akibat cahaya saat pengambilan foto maupun kondisi gadget saat melihat foto ini"
3Second Kaos Wanita Lengan Pendek Katun OL-C220424,https://images.tokopedia.net/img/cache/300-square/hDjmkQ/2024/5/7/2c631fd6-888f-447d-97b2-5ad6907e450d.jpg,Rp89.499,47,100,1,"3Second Kaos Wanita
Kaos Wanita, Lengan Pendek -- Take a LOOK! Kaos Wanita dari 3Second yang terbuat dari bahan katun yang nyaman banget! Kaos ini cocok banget buat kamu yang suka gaya santai dan kekinian. Bahan katunnya memberikan sentuhan lembut pada kulitmu, membuatnya nyaman dipakai sepanjang hari. Gak perlu ribet, kaos ini pas banget dipadukan dengan celana jeans atau rok kesukaanmu.
Detail
Produk Original 3Second
Bahan: Katun
Warna:
> Putih Bluish
> Ungu Muda
Ukuran
S : Lebar Dada 47 cm, Panjang Badan 53 cm, Panjang Tangan 19.5 cm
M : Lebar Dada 49 cm, Panjang Badan 55 cm, Panjang Tangan 20.5 cm
L : Lebar Dada 51 cm, Panjang Badan 57 cm, Panjang Tangan 21.5 cm
XL : Lebar Dada 53 cm, Panjang Badan 59 cm, Panjang Tangan 22.5 cm
Catatan
Toleransi Ukuran (-+) 1-3 cm
Warna mungkin dapat berbeda akibat cahaya saat pengambilan foto maupun kondisi gadget saat melihat foto ini"
Greenlight Prague Kaos Pria Katun Lighweight Regular Fit OL-C050424,https://images.tokopedia.net/img/cache/300-square/hDjmkQ/2024/5/4/01133f83-1b90-4b61-ba01-f0623272384c.jpg,Rp129.500,41,100,3,"Greenlight Kaos Pria
Pilih Kaos Greenlight untuk tampilan yang simpel dan nyaman sehari-hari! Dibuat dari bahan katun yang ringan, kaos ini memberikan kenyamanan ekstra saat dipakai. Desainnya yang sederhana membuatnya mudah dipadu-padankan dengan berbagai pilihan pakaian, sehingga kamu bisa tampil stylish dengan cara yang simpel. Cocok banget buat aktivitas sehari-hari, dari hangout sama teman sampai jalan-jalan santai.
Detail
Produk Original Greenlight
Bahan: Katun
Kaos Pria Regular Fit
Sablon Rubber Print
Warna:
- Deep Teal (Hijau)
- Winetasting (Merah)
Ukuran
S : Lebar Dada 52 cm, Panjang Badan 71 cm, Panjang Tangan 22 cm
M : Lebar Dada 54 cm, Panjang Badan 73 cm, Panjang Tangan 23 cm
L : Lebar Dada 56 cm, Panjang Badan 75 cm, Panjang Tangan 24 cm
XL : Lebar Dada 58 cm, Panjang Badan 77 cm, Panjang Tangan 25 cm
Catatan
Toleransi Ukuran (-+) 1-3 cm
Warna mungkin dapat berbeda akibat cahaya saat pengambilan foto maupun kondisi gadget saat melihat foto ini"
Greenlight Kaos Wanita Lengan Pendek Katun Japan Typo C030524,https://images.tokopedia.net/img/cache/300-square/hDjmkQ/2024/5/4/97203c77-a724-447e-8e8f-6bbc285dd442.jpg,Rp141.750,25,100,2,"Greenlight Kaos Wanita
Hadirkan sentuhan gaya Jepang yang keren dengan Kaos Greenlight bertema Japan! Kaos ini tidak hanya memberikan kenyamanan yang luar biasa dengan bahan katun berkualitas, tetapi juga menambahkan nuansa unik dan trendi dalam gaya Anda. Dengan desain yang terinspirasi dari Jepang, kaos ini menjadi pilihan yang sempurna untuk mengekspresikan gaya pribadi Anda dengan cara yang berbeda dan berkelas. Jadi, siap-siap buat menarik perhatian dengan gaya yang berbeda dan menawan bersama Kaos Greenlight ini!
Detail
Produk Original Greenlight
Bahan: Katun
Bordir
Warna:
> New White (Putih)
> Black (Hitam)
Ukuran
S : Lebar Dada 53 cm, Panjang Badan 58 cm, Panjang Tangan 21.5 cm
M : Lebar Dada 55 cm, Panjang Badan 60 cm, Panjang Tangan 22.5 cm
L : Lebar Dada 57 cm, Panjang Badan 62 cm, Panjang Tangan 23.5 cm
XL : Lebar Dada 59 cm, Panjang Badan 64 cm, Panjang Tangan 24.5 cm
Catatan
Toleransi Ukuran (-+) 1-3 cm
Warna mungkin dapat berbeda akibat cahaya saat pengambilan gambar maupun kondisi gadget saat melihat gambar ini"
FMC Topi Five Panel Katun James 020124,https://images.tokopedia.net/img/cache/300-square/VqbcmM/2024/4/26/e154a3df-f29b-4ad9-8096-5f982777bf41.jpg,Rp207.200,20,0,0,"FMC Topi Five Panel
Cocok dipadukan dengan berbagai outfit, topi ini akan menjadi aksesori yang sempurna untuk menjelajahi kegiatan sehari-hari Anda dengan gaya yang penuh percaya diri. Gunakan Topi FMC ini sebagai pilihan utama untuk penampilan yang trendi dan santai!
Detail
Produk Original FMC
Bahan: Katun
Warna: Biru
Catatan
Toleransi Ukuran (-+) 1-3 cm
Warna mungkin dapat berbeda akibat cahaya saat pengambilan foto maupun kondisi gadget saat melihat foto ini"
FMC Topi Bucket Katun Johan 010124,https://images.tokopedia.net/img/cache/300-square/VqbcmM/2024/4/26/30ea5354-f6eb-4b09-909e-bf962b7496f6.jpg,Rp215.200,20,0,0,"FMC Topi Bucket
Cocok dipadukan dengan berbagai outfit, topi ini akan menjadi aksesori yang sempurna untuk menjelajahi kegiatan sehari-hari Anda dengan gaya yang penuh percaya diri. Jadikan Topi Bucket Johan dari FMC sebagai pilihan utama untuk penampilan yang trendi dan santai!
Detail
Produk Original FMC
Bahan: Katun
Warna: Biru
Catatan
Toleransi Ukuran (-+) 1-3 cm
Warna mungkin dapat berbeda akibat cahaya saat pengambilan foto maupun kondisi gadget saat melihat foto ini"
Famo Kaos Pria Lengan Pendek Katun Soft Byakta 150324,https://images.tokopedia.net/img/cache/300-square/hDjmkQ/2024/4/26/c993c656-45dc-48a9-89ce-b5b121969122.jpg,Rp175.200,20,0,0,"Famo Kaos Pria 160324
Intip nih, Kaos dari Famo ini. Asik banget buat gaya sehari-hari! Bahan katunnya bakal bikin kamu nyaman seharian, plus lengan pendek yang bikin tampilan makin santai.
Detail
Produk Original Famo
Kaos Pria Lengan Pendek
Bahan: Katun
Warna:
> Cream
Ukuran
S : Lebar Dada 52.5 cm, Panjang Badan 71 cm, Panjang Tangan 23.5 cm
M : Lebar Dada 54 cm, Panjang Badan 73 cm, Panjang Tangan 24.5 cm
L : Lebar Dada 55.5 cm, Panjang Badan 75 cm, Panjang Tangan 25.5 cm
XL : Lebar Dada 57 cm, Panjang Badan 75 cm, Panjang Tangan 25.5 cm
Enggak perlu ribet, kaos ini simpel tapi tetap keren. Cocok buat kegiatan apa aja, dari hangout sama temen sampai jalan-jalan santai. Jadi, tambah koleksi kaos santaimu biar gayamu tetap on point! 👕✨
Catatan
Toleransi Ukuran (-+) 1-3 cm
Warna mungkin dapat berbeda akibat cahaya saat pengambilan gambar maupun kondisi gadget saat melihat gambar ini
#FamoKaos #KaosPriaLenganPendek #KaosPrint #KaosFullKatun"
FMC Kaos Pria Lengan Pendek Katun Organized Chaos C010324,https://images.tokopedia.net/img/cache/300-square/hDjmkQ/2024/4/26/b79fe63d-a704-4caa-9cbe-d1e2b868c64f.jpg,Rp164.250,25,100,1,"FMC Kaos Pria 010324
Bergaya dengan kenyamanan maksimal, kaos dari FMC ini adalah pilihan pakaian sehari-hari yang sempurna. Dengan kemampuan menyerap keringat yang baik, kaos ini memberikan sensasi adem sepanjang hari, menjadikannya teman setia untuk kegiatan yang aktif. Desainnya yang sederhana memudahkan mix n match-nya dengan berbagai fashion items, memberikan fleksibilitas tanpa batas untuk menciptakan tampilan yang stylish dan effortless!
Detail
Produk Original FMC Speed Supply
Kaos Pria Lengan Pendek
Bahan: Katun
Warna:
> Bronze Green (Hijau)
> Black Iris (Biru Gelap)
Ukuran
XS: Lebar Dada 55.5 cm,Panjang Badan 69 cm, Panjang Tangan 22.5 cm
S: Lebar Dada 57 cm, Panjang Badan 71 cm, Panjang Tangan 23.5 cm
M: Lebar Dada 58.5 cm, Panjang Badan 73 cm, Panjang Tangan 24.5 cm
L: Lebar Dada 60 cm, Panjang Badan 75 cm, Panjang Tangan 25.5 cm
XL:Lebar Dada 61.5 cm, Panjang Badan 75 cm, Panjang Tangan 25.5 cm
Catatan
Toleransi Ukuran (-+) 1-3 cm
Warna mungkin dapat berbeda akibat cahaya saat pengambilan gambar maupun kondisi gadget saat melihat gambar ini
#FMCOriginal #KaosPriaKatun #KaosPria24s"
Famo Jaket Pria Bomber Zip Througth Bimasena C050324,https://images.tokopedia.net/img/cache/300-square/hDjmkQ/2024/4/26/9aa30a72-389c-4010-8cf2-ebc946177195.jpg,Rp383.200,20,0,0,"Famo Jaket Pria
Tampil maskulin dan modis dengan Jaket Bomber Pria dari Greenlight, terbuat dari polyester katun double knit untuk kenyamanan dan gaya yang maksimal. Dengan desain ziper yang khas, jaket ini memberikan tampilan yang trendi dan sporty. Cocok untuk berbagai kesempatan, dari hangout santai hingga pertemuan semi-formal. Dengan jaket ini, Anda siap untuk tampil keren dan percaya diri dalam setiap kesempatan!
Detail
Produk Original Famo
Bahan: Polyester, Katun (Double Knit)
Warna:
> Hitam
> Hijau Olive
Ukuran
S : Lebar Dada 54 cm, Panjang Badan 67 cm, Panjang Tangan 67 cm
M : Lebar Dada 56 cm, Panjang Badan 69 cm, Panjang Tangan 68 cm
L : Lebar Dada 58 cm, Panjang Badan 71 cm, Panjang Tangan 69 cm
XL : Lebar Dada 60 cm, Panjang Badan 73 cm, Panjang Tangan 70 cm
Catatan
Toleransi Ukuran (-+) 1-3 cm
Warna mungkin dapat berbeda akibat cahaya saat pengambilan gambar maupun kondisi gadget saat melihat gambar ini"
Greenlight Kaos Pria Lengan Pendek Katun Regular Fit Flock 060324,https://images.tokopedia.net/img/cache/300-square/hDjmkQ/2024/4/26/36b16b97-d5da-43ea-88fa-0a02e75dcdc2.jpg,Rp203.150,15,100,2,"Greenlight Kaos Pria
Kaos Pria Lengan Pendek -- Cocok banget buat yang suka tampil simpel tapi tetap kece. Bahan katunnya bikin adem dan nyaman dipakai sehari-hari. Dengan desain yang timeless dan warna yang versatile, kaos ini gampang dipaduin dengan celana jeans atau celana favorit lainnya. Jadi, siap-siap buat tampil keren tanpa usaha berlebihan dengan Kaos Pria Greenlight ini! 👕✨
Detail
Produk Original Greenlight
Bahan: Katun
Kaos Pria Lengan Pendek
Warna:
> Vanilla Ice Cream (Putih)
> Black (Hitam)
Ukuran
S : Lebar Dada 52 cm, Panjang Badan 71.5 cm, Panjang Tangan 20.5 cm
M : Lebar Dada 53.5 cm, Panjang Badan 73.5 cm, Panjang Tangan 21.5 cm
L : Lebar Dada 55 cm, Panjang Badan 75.5 cm, Panjang Tangan 22.5 cm
XL : Lebar Dada 56.5 cm, Panjang Badan 75.5 cm, Panjang Tangan 23.5 cm
Catatan
Toleransi Ukuran (-+) 1-3 cm
Warna mungkin dapat berbeda akibat cahaya saat pengambilan foto maupun kondisi gadget saat melihat foto ini"
Greenlight Kaos Wanita Oversize Lengan Pendek C030324,https://images.tokopedia.net/img/cache/300-square/hDjmkQ/2024/4/26/f0408051-5a78-4cce-b756-585e233166f2.jpg,Rp159.200,20,0,0,"Greenlight Kaos Wanita
Kaos Oversized ini mungkin salah satu baju paling nyaman yang akan kamu miliki! Dengan potongan oversized, kamu dapat bergerak dengan bebas dan nyaman tanpa aktivitasmu terganggu. Miliki sekarang dan coba mix n match dengan berbagai bawahan serta outer!
Detail
Produk Original Greenlight
Bahan: Katun
Kaos Wanita Oversized
Warna:
> Cadmium Orange
> Snow White (Putih)
Ukuran
S : Lebar Dada 53 cm, Panjang Badan 70 cm, Panjang Tangan 21.5 cm
M : Lebar Dada 55 cm, Panjang Badan 72 cm, Panjang Tangan 22.5 cm
L : Lebar Dada 57 cm, Panjang Badan 74 cm, Panjang Tangan 23.5 cm
XL : Lebar Dada 59 cm, Panjang Badan 76 cm, Panjang Tangan 24.5 cm
Catatan
Toleransi Ukuran (-+) 1-3 cm
Warna mungkin dapat berbeda akibat cahaya saat pengambilan gambar maupun kondisi gadget saat melihat gambar ini"
3Second Kaos Wanita Lengan Pendek Katun Boxy Fit 050324,https://images.tokopedia.net/img/cache/300-square/VqbcmM/2024/5/7/f841e540-a134-4920-b406-6e8e665b8ba0.jpg,Rp143.200,20,0,0,"3Second Kaos Wanita
Dapatkan tampilan santai namun tetap modis dengan Kaos Wanita 3Second berpotongan boxy fit dari bahan katun! 🌸 Didesain untuk memberikan kenyamanan sepanjang hari, kaos ini memiliki potongan yang longgar namun tetap memberikan siluet yang stylish. Terbuat dari bahan katun yang lembut dan berkualitas, kaos ini cocok dipadukan dengan celana jeans atau rok untuk penampilan yang kasual namun tetap trendi. Tambahkan sentuhan gaya yang effortless pada koleksi pakaian Anda dengan Kaos Wanita 3Second yang boxy fit ini, dan biarkan gaya Anda bersinar dengan keanggunan yang santai! 💁‍♀️👕✨
Detail
Produk Original 3Second
Bahan: Katun
Boxy Fit - Lengan Pendek
Warna: Bright White (Putih)
Ukuran
S : Lebar Dada 45 cm, Panjang Badan 53 cm, Panjang Tangan 19.5 cm
M : Lebar Dada 47 cm, Panjang Badan 55 cm, Panjang Tangan 20.5 cm
L : Lebar Dada 49 cm, Panjang Badan 57 cm, Panjang Tangan 21.5 cm
XL : Lebar Dada 51 cm, Panjang Badan 59 cm, Panjang Tangan 22.5 cm
Catatan
Toleransi Ukuran (-+) 1-3 cm
Warna mungkin dapat berbeda akibat cahaya saat pengambilan gambar maupun kondisi gadget saat melihat gambar ini."
3Second Kaos Wanita Crop Top Lengan Panjang  C040324,https://images.tokopedia.net/img/cache/300-square/VqbcmM/2024/4/26/dee9fe9d-e2d8-43f6-b061-91a989030a59.jpg,Rp183.200,20,100,2,"3Second Kaos Wanita -- Crop Top Long Sleeve
Buatlah penampilanmu lebih modis dan nyaman sepanjang hari dengan Kaos Wanita 3Second! Didesain sebagai croptop dengan lengan panjang, kaos ini memberikan sentuhan modern yang trendi. Terbuat dari bahan berkualitas, kaos ini tidak hanya memberikan kenyamanan, tetapi juga gaya yang standout. Cocok dipadukan dengan berbagai pakaian, dari celana jeans hingga rok midi, untuk penampilan yang santai namun tetap stylish!
Detail
Produk Original 3Second
Bahan: Katun Polyester
Warna:
- Vintage Indigo (Biru)
- Burnished Lilac (Ungu)
Ukuran
S : Lebar Dada 48 cm, Panjang Badan 53 cm, Panjang Tangan 60 cm
M : Lebar Dada 50 cm, Panjang Badan 55 cm, Panjang Tangan 61 cm
L : Lebar Dada 52 cm, Panjang Badan 57 cm, Panjang Tangan 62 cm
XL : Lebar Dada 54 cm, Panjang Badan 59 cm, Panjang Tangan 63 cm
Catatan
Toleransi Ukuran (-+) 1-3 cm
Warna mungkin dapat berbeda akibat cahaya saat pengambilan foto maupun kondisi gadget saat melihat foto ini"
3Second Kaos Lengan Pendek Wanita Katun 040224,https://images.tokopedia.net/img/cache/300-square/hDjmkQ/2024/4/26/36f54302-a744-4760-a596-426eab49e91a.jpg,Rp143.200,20,0,0,"3Second Kaos Wanita 070923
Terbuat dari bahan berkualitas, kaos ini tidak hanya memberikan kenyamanan, tetapi juga gaya yang standout. Cocok dipadukan dengan berbagai pakaian, dari celana jeans hingga rok midi, untuk penampilan yang santai namun tetap stylish!
Detail
Produk Original 3Second
Kaos Wanita Lengan Pendek
Bahan: Katun
Warna: Coral Reef (Orange)
Ukuran
S : Lebar Dada 47 cm, Panjang Badan 53 cm, Panjang Tangan 19,5 cm
M : Lebar Dada 49 cm, Panjang Badan 55 cm, Panjang Tangan 20,5 cm
L : Lebar Dada 51 cm, Panjang Badan 57 cm, Panjang Tangan 21,5 cm
XL : Lebar Dada 53 cm, Panjang Badan 59 cm, Panjang Tangan 22,5 cm
Kenyamananmu dalam berpakaian akan meningkatkan produktivitas harimu. Jangan lewatkan harga terbaiknya, check out sekarang sebelum kehabisan!
Catatan
Toleransi Ukuran (-+) 1-3 cm
Warna mungkin dapat berbeda akibat cahaya saat pengambilan foto maupun kondisi gadget saat melihat foto ini
#3SecondOriginal #3SecondKaosWanita #KaosWanitaLenganPendek #KaosWanita"
Famo Gerome Kaos Polo Pria Lacoste Cotton Regular Fit C010324,https://images.tokopedia.net/img/cache/300-square/hDjmkQ/2024/4/25/f3bb89de-4dbe-4b80-af7b-5e17acfe763a.jpg,Rp271.150,15,60,1,"Famo Kaos Polo Pria
Formal-Casual bukan jadi pertimbangan yang berat lagi saat kamu mengenakan kaos polo ini! Dibuat dari katun lacoste yang nyaman digunakan sehari-hari bahkan saat berolahraga sekalipun!
Detail
Produk Original Famo
Kaos Polo Lengan Pendek
Regular White
Bahan: Katun Lacoste
Warna:
- Snow White (Putih), Black Beauty (Hitam) Stripe, True Red (Merah) Stripe
- Black Beauty (Hitam), True Red (Merah) Stripe, Snow White (Putih) Stripe
Ukuran
S : Lebar Dada 52 cm, Panjang Badan 67 cm, Panjang Tangan 22.5 cm
M : Lebar Dada 54 cm, Panjang Badan 71 cm, Panjang Tangan 23.5 cm
L : Lebar Dada 56 cm, Panjang Badan 71 cm, Panjang Tangan 23.5 cm
XL : Lebar Dada 58 cm, Panjang Badan 73 cm, Panjang Tangan 24.5 cm
XXL : Lebar Dada 60 cm, Panjang Badan 73 cm, Panjang Tangan 25.5 cm
Catatan
Toleransi Ukuran (-+) 1-3 cm
Warna mungkin dapat berbeda akibat cahaya saat pengambilan foto maupun kondisi gadget saat melihat foto ini
#FamoOriginal #KaosPoloFamo #PoloKaos #PoloLacoste"
3Second Celana Panjang Pria Mike Regular Fit 071223,https://images.tokopedia.net/img/cache/300-square/VqbcmM/2024/5/6/a59f972a-2f78-4f74-a0cd-bb66269b67ef.jpg,Rp374.250,25,0,0,"3Second Celana Pria
Pergi kemanapun dan kapanpun, tampil keren dengan effortless bersama Celana dari 3Second ini! Kaos, kemeja, dan atasan apa saja akan tampak baru serta fresh untuk digunakan sehari-hari dengan nyaman. Dapatkan sekarang, stok terbatas!
Detail
Produk Original 3Second
Bahan: Katun Spandeks
Regular Fit
Warna:
> Cream
> Olive (Hijau)
Ukuran
29: Lebar Pinggang 41 cm, Panjang Celana 98.3 cm,Lebar Bawah 18.4 cm, Lebar Paha 30.4 cm
30: Lebar Pinggang 42 cm, Panjang Celana 99 cm,Lebar Bawah 19 cm, Lebar Paha 31 cm
32: Lebar Pinggang 44 cm, Panjang Celana 102.9 cm,Lebar Bawah 20.2 cm, Lebar Paha 32.2 cm
34: Lebar Pinggang 46 cm, Panjang Celana 104.3 cm,Lebar Bawah 21.45 cm, Lebar Paha 33.45 cm
36: Lebar Pinggang 48 cm, Panjang Celana 105.7 cm,Lebar Bawah 22.7 cm, Lebar Paha 34.7 cm
Catatan
Toleransi Ukuran (-+) 1-3 cm
Warna mungkin dapat berbeda akibat cahaya saat pengambilan foto maupun kondisi gadget saat melihat foto ini"
FMC Celana Fatigue Katun Canvas 010424,https://images.tokopedia.net/img/cache/300-square/hDjmkQ/2024/4/22/2ed2bc7c-f7b7-4b3f-9153-14f738db83b2.jpg,Rp411.750,25,0,0,"FMC Fatigue Pants
Terbuat dari bahan yang ringan dan nyaman, celana ini cocok untuk segala aktivitas sehari-hari. Desainnya yang modis dan praktis menjadikannya pilihan yang tepat untuk penampilan kasual yang tetap stylish. Dengan warna-warna yang serasi dan potongan yang pas, Celana FMC Fatigue akan menjadi favorit dalam koleksi pakaian Anda. Tambahkan sentuhan pada gaya santai Anda dengan Celana FMC Fatigue ini! 🌿
Detail
Produk Original FMC
Bahan: Katun Canvas
Warna: Dark Olive (Hijau)
Ukuran
28 : Lebar Pinggang 39.5 cm, Panjang Celana 96 cm, Lebar Paha 31 cm
30 : Lebar Pinggang 42 cm, Panjang Celana 97 cm, Lebar Paha 33 cm
31 : Lebar Pinggang 43.25 cm, Panjang Celana 97.5 cm, Lebar Paha 33.5 cm
32 : Lebar Pinggang 44.5 cm, Panjang Celana 100.5 cm, Lebar Paha 34 cm
34 : Lebar Pinggang 47 cm, Panjang Celana 101.5 cm, Lebar Paha 35.5 cm
36 : Lebar Pinggang 49.5 cm, Panjang Celana 102.5 cm, Lebar Paha 36 cm
Catatan
Toleransi Ukuran (-+) 1-3 cm
Warna mungkin dapat berbeda akibat cahaya saat pengambilan gambar maupun kondisi gadget saat melihat gambar ini"
Greenlight Kaos Wanita Lengan Pendek Katun Atasan Casual 130324,https://images.tokopedia.net/img/cache/300-square/hDjmkQ/2024/4/22/f483fb59-55d2-4e22-893a-a0b493bbd9f5.jpg,Rp135.200,20,0,0,"Greenlight Kaos Wanita
Kaos Wanita, Lengan Pendek -- Take a LOOK! Kaos Wanita dari 3Second yang terbuat dari bahan katun yang nyaman banget! Kaos ini cocok banget buat kamu yang suka gaya santai dan kekinian. Bahan katunnya memberikan sentuhan lembut pada kulitmu, membuatnya nyaman dipakai sepanjang hari. Gak perlu ribet, kaos ini pas banget dipadukan dengan celana jeans atau rok kesukaanmu.
Detail
Produk Original Greenlight
Bahan: Katun
Warna: Mocha Mousse (Coklat)
Ukuran
S : Lebar Dada 45 cm, Panjang Badan 58 cm, Panjang Tangan 19.5 cm
M : Lebar Dada 47 cm, Panjang Badan 60 cm, Panjang Tangan 20.5 cm
L : Lebar Dada 49 cm, Panjang Badan 62 cm, Panjang Tangan 21.5 cm
XL : Lebar Dada 51 cm, Panjang Badan 64 cm, Panjang Tangan 22.5 cm
Catatan
Toleransi Ukuran (-+) 1-3 cm
Warna mungkin dapat berbeda akibat cahaya saat pengambilan gambar maupun kondisi gadget saat melihat gambar ini"
Greenlight Kaos Wanita Lengan Pendek Katun Mimichan OL-C110424,https://images.tokopedia.net/img/cache/300-square/hDjmkQ/2024/4/22/fabc7991-0bdf-4224-b83f-41d01eb51ef5.jpg,Rp99.499,47,0,0,"Greenlight Kaos Wanita
Kaos Wanita Lengan Pendek, Katun Lightweight -- Punya banyak outer, kemeja, dan jaket? Buat outfitmu menjadi baru dan stylish dengan kaos ini! Bahkan digunakan tanpa tambahan apapun, padu padankan dengan berbagai bawahan kaos ini akan cocok untuk menemani harimu!
Detail
Produk Original Greenlight
Bahan: Katun
Kaos Wanita Lighweight
Warna:
> Jet Black (Hitam)
> Off White (Putih)
Ukuran
S : Lebar Dada 45 cm, Panjang Badan 58 cm, Panjang Tangan 19.5 cm
M : Lebar Dada 47 cm, Panjang Badan 60 cm, Panjang Tangan 20.5 cm
L : Lebar Dada 49 cm, Panjang Badan 62 cm, Panjang Tangan 21.5 cm
XL : Lebar Dada 51 cm, Panjang Badan 64 cm, Panjang Tangan 22.5 cm
Catatan
Toleransi Ukuran (-+) 1-3 cm
Warna mungkin dapat berbeda akibat cahaya saat pengambilan gambar maupun kondisi gadget saat melihat gambar ini"
Greenlight Kemeja Pria Kotak-Kotak Lengan Pendek C030424,https://images.tokopedia.net/img/cache/300-square/hDjmkQ/2024/4/22/aeccb867-845b-475a-ab51-380cadc94bce.jpg,Rp263.200,20,100,1,"Greenlight Kemeja Pria
Stylish, Effortless, Kemeja ini cocok untuk Anda yang anti ribet! Terbuat dari bahan flanel yang lembut dan hangat, kemeja ini tidak hanya membuat Anda terlihat keren, tetapi juga nyaman dipakai dalam berbagai kesempatan. Dari acara formal hingga santai di akhir pekan, kemeja flanel Greenlight akan selalu membuat penampilan Anda semakin menonjol. Jadikan kemeja flanel Greenlight sebagai pilihan utama Anda untuk tampil gaya dan percaya diri setiap hari!
Detail
Produk Original Greenlight
Bahan: Katun Polyester
Kemeja Pria Regular Fit
Warna:
[03] Dark Grey
[04] Light Grey
Ukuran
S : Lebar Dada 54 cm, Panjang Badan 71 cm, Panjang Tangan 24 cm
M : Lebar Dada 56 cm, Panjang Badan 73 cm, Panjang Tangan 25 cm
L : Lebar Dada 58 cm, Panjang Badan 75 cm, Panjang Tangan 26 cm
XL : Lebar Dada 60 cm, Panjang Badan 77 cm, Panjang Tangan 27 cm
Catatan
Toleransi Ukuran (-+) 1-3 cm
Warna mungkin dapat berbeda akibat cahaya saat pengambilan gambar maupun kondisi gadget saat melihat gambar ini"
3Second Topi Baseball Wanita Katun Polyester Celyn Script C020224,https://images.tokopedia.net/img/cache/300-square/hDjmkQ/2024/4/22/102e0d28-b087-4be9-a28d-913a1dc34751.jpg,Rp199.200,20,100,1,"3Second Topi Wanita
Nyaman dipakai sepanjang hari, topi ini tidak hanya memberikan tampilan yang trendi tetapi juga kepraktisan saat menjalani aktivitas sehari-hari. Desain baseball caps memberikan sentuhan kasual yang cool, cocok untuk melengkapi gaya kasual atau olahraga. Topi ini menjadi aksesori yang timeless untuk menambahkan sentuhan fashion yang santai tapi tetap stylish dalam setiap penampilanmu. Jadi, siap memunculkan gaya sporty-chic yang memukau? Topi Baseball Caps ini adalah jawabannya!
Detail
Produk Original 3Second
Bahan: Polyester
Warna:
> Putih
> Hijau
Ukuran: Adjustable 56-59 cm
Catatan
Warna mungkin dapat berbeda akibat cahaya saat pengambilan foto maupun kondisi gadget saat melihat foto ini"
Greenlight Kaos Wanita Lengan Pendek Katun Minaru OL-C210424,https://images.tokopedia.net/img/cache/300-square/hDjmkQ/2024/4/20/3284a829-7c65-48d7-87a2-3c9a9f1c0096.jpg,Rp89.500,50,100,1,"Greenlight Kaos Wanita
Kaos Wanita Lengan Pendek, Katun Lightweight -- Punya banyak outer, kemeja, dan jaket? Buat outfitmu menjadi baru dan stylish dengan kaos ini! Bahkan digunakan tanpa tambahan apapun, padu padankan dengan berbagai bawahan kaos ini akan cocok untuk menemani harimu!
Detail
Produk Original Greenlight
Bahan: Katun
Kaos Wanita Lighweight
Warna:
> Biru Muda
> Blush Pink
Ukuran
S : Lebar Dada 45 cm, Panjang Badan 58 cm, Panjang Tangan 19.5 cm
M : Lebar Dada 47 cm, Panjang Badan 60 cm, Panjang Tangan 20.5 cm
L : Lebar Dada 49 cm, Panjang Badan 62 cm, Panjang Tangan 21.5 cm
XL : Lebar Dada 51 cm, Panjang Badan 64 cm, Panjang Tangan 22.5 cm
Catatan
Toleransi Ukuran (-+) 1-3 cm
Warna mungkin dapat berbeda akibat cahaya saat pengambilan gambar maupun kondisi gadget saat melihat gambar ini"
3Second Women's T-Shirt Short Sleeve Cotton Oversized Fit OL-C140424,https://images.tokopedia.net/img/cache/300-square/hDjmkQ/2024/4/20/68e9fe4f-7bcc-4b17-b0d7-858523263c41.jpg,Rp89.500,50,60,1,"3Second Kaos Wanita
Kaos Wanita, Lengan Pendek -- Take a LOOK! Kaos Wanita dari 3Second yang terbuat dari bahan katun yang nyaman banget! Kaos ini cocok banget buat kamu yang suka gaya santai dan kekinian. Bahan katunnya memberikan sentuhan lembut pada kulitmu, membuatnya nyaman dipakai sepanjang hari. Gak perlu ribet, kaos ini pas banget dipadukan dengan celana jeans atau rok kesukaanmu.
Detail
Produk Original 3Second
Bahan: Katun
Kaos Oversized Fit
Warna:
> Hitam Reaktif
> Kuning Muda
Ukuran
S : Lebar Dada 53 cm, Panjang Badan 70 cm, Panjang Tangan 21.5 cm
M : Lebar Dada 55 cm, Panjang Badan 72 cm, Panjang Tangan 22.5 cm
L : Lebar Dada 57 cm, Panjang Badan 74 cm, Panjang Tangan 23.5 cm
XL : Lebar Dada 59 cm, Panjang Badan 76 cm, Panjang Tangan 24.5 cm
Catatan
Toleransi Ukuran (-+) 1-3 cm
Warna mungkin dapat berbeda akibat cahaya saat pengambilan gambar maupun kondisi gadget saat melihat gambar ini"
Greenlight Kaos Wanita Lengan Panjang Katun Yumichan OL-C150424,https://images.tokopedia.net/img/cache/300-square/hDjmkQ/2024/4/19/c36e27d0-6031-4527-8870-4cde38336e73.jpg,Rp119.500,45,96,5,"Greenlight Kaos Wanita
Kaos Wanita Lengan Panjang, Mid Cropped, Katun -- Nih, Kaos Greenlight yang nyaman banget! Dengan potongan yang pas di pinggang, kaos ini cocok banget buat gaya santai yang tetap kece. Bahan katunnya memberikan sensasi lembut pada kulit, jadi enggak cuma bikin hangat tapi juga adem dipakai sepanjang hari. Cocok banget buat dipadukan dengan celana jeans atau rok favoritmu. Tambah koleksi kaos santaimu buat gayamu tetap on point setiap hari! 👚💫
Detail
Produk Original Greenlight
Bahan: Katun
Warna:
> Pink Muda
> Mocha Mousse (Coklat)
Ukuran
S : Lebar Dada 48 cm, Panjang Badan 53 cm, Panjang Tangan 60 cm
M : Lebar Dada 50 cm, Panjang Badan 55 cm, Panjang Tangan 61 cm
L : Lebar Dada 52 cm, Panjang Badan 57 cm, Panjang Tangan 62 cm
XL : Lebar Dada 54 cm, Panjang Badan 59 cm, Panjang Tangan 63 cm
Catatan
Toleransi Ukuran (-+) 1-3 cm
Warna mungkin dapat berbeda akibat cahaya saat pengambilan foto maupun kondisi gadget saat melihat foto ini"
Famo Kaos Pria Regular Fit Katun Graphic Logo C170424,https://images.tokopedia.net/img/cache/300-square/hDjmkQ/2024/4/19/0d6f4322-5486-47f3-8709-3c4cfc0d85b6.jpg,Rp146.300,30,100,2,"Famo Kaos Pria
Simple namun menawan, Anda akan terlihat percaya diri dan nyaman sepanjang hari! Cocok dipadukan dengan celana jeans atau celana pendek untuk tampilan yang santai namun tetap modis. Jadikan Kaos Pria Famo sebagai pilihan utama untuk penampilan yang keren dan tetap nyaman sepanjang hari!
Detail
Produk Original Famo
Bahan: Katun
Warna:
> Navy (Biru)
> Black (Hitam)
Ukuran
S : Lebar Dada 52.5 cm, Panjang Badan 71 cm, Panjang Tangan 23.5 cm
M : Lebar Dada 54 cm, Panjang Badan 73 cm, Panjang Tangan 24.5 cm
L : Lebar Dada 55.5 cm, Panjang Badan 75 cm, Panjang Tangan 25.5 cm
XL : Lebar Dada 57 cm, Panjang Badan 75 cm, Panjang Tangan 25.5 cm
Catatan
Toleransi Ukuran (-+) 1-3 cm
Warna mungkin dapat berbeda akibat cahaya saat pengambilan gambar maupun kondisi gadget saat melihat gambar ini"
Greenlight Kaos Pria Regular Fit Katun Boston OL-C150424,https://images.tokopedia.net/img/cache/300-square/hDjmkQ/2024/4/19/552e4b55-44a5-4b25-a480-ed889fc01d86.jpg,Rp129.500,41,100,10,"Greenlight Kaos Pria
Kaos Regular Fit, Katun Lengan Pendek -- Cocok banget buat yang suka tampil simpel tapi tetap kece. Bahan katunnya bikin adem dan nyaman dipakai sehari-hari. Dengan desain yang timeless dan warna yang versatile, kaos ini gampang dipaduin dengan celana jeans atau celana favorit lainnya. Jadi, siap-siap buat tampil keren tanpa usaha berlebihan dengan Kaos Pria Greenlight ini! 👕✨
Detail
Produk Original Greenlight
Bahan: Katun
Sablon Print DTF
Regular Fit -- Lengan Pendek
Warna:
> Gray (Abu-abu)
> Black (Hitam)
Ukuran
S : Lebar Dada 52 cm, Panjang Badan 71 cm, Panjang Tangan 22 cm
M : Lebar Dada 54 cm, Panjang Badan 73 cm, Panjang Tangan 23 cm
L : Lebar Dada 56 cm, Panjang Badan 75 cm, Panjang Tangan 24 cm
XL : Lebar Dada 58 cm, Panjang Badan 77 cm, Panjang Tangan 25 cm
Catatan
Toleransi Ukuran (-+) 1-3 cm
Warna mungkin dapat berbeda akibat cahaya saat pengambilan foto maupun kondisi gadget saat melihat foto ini"
Greenlight Rok Midi Wanita Jessia C030324,https://images.tokopedia.net/img/cache/300-square/VqbcmM/2024/4/24/4d2b9646-1a42-4d97-b1cb-16a51a8913a5.jpg,Rp319.200,20,100,1,"Greenlight Rok Wanita
Coba deh, Rok dari Greenlight yang dibuat dari bahan katun spandeks yang nyaman banget! Dengan kombinasi ini, rok ini nggak cuma memberikan penampilan yang keren, tapi juga memberikan fleksibilitas yang sempurna. Dengan desain yang chic dan praktis, rok ini cocok banget buat dipakai sehari-hari. Rok Greenlight ini bisa jadi pilihan andalan dalam lemari pakaianmu! 💃🌟
Detail
Produk Original 3Second
Bahan: Katun Spandeks
Warna:
> Olive (Hijau)
> Cream
Ukuran
S : Lebar Pinggang 36 cm, Panjang Rok 71 cm, Lebar Bawah 70 cm
M : Lebar Pinggang 37.5 cm, Panjang Rok 72 cm, Lebar Bawah 72 cm
L : Lebar Pinggang 40 cm, Panjang Rok 73 cm, Lebar Bawah 74 cm
XL : Lebar Pinggang 42 cm, Panjang Rok 74 cm, Lebar Bawah 76 cm
Catatan
Toleransi Ukuran (-+) 1-3 cm
Warna mungkin dapat berbeda akibat cahaya saat pengambilan gambar maupun kondisi gadget saat melihat gambar ini"
Greenlight Sweater Crewneck Brisbane C010524,https://images.tokopedia.net/img/cache/300-square/hDjmkQ/2024/4/19/1c37d421-fb88-4e67-b9f1-74135936228a.jpg,Rp399.000,0,90,2,"Greenlight Crewneck
Bawa gaya Anda ke level berikutnya dengan CrewneckGreenlight kami yang stylish! Didesain untuk memberikan kenyamanan dan kehangatan ekstra, dibuat dengan perhatian pada detail dan kualitas, Crewneck ini menjadi pilihan yang tepat untuk menunjang penampilan Anda dalam berbagai kesempatan. Dengan tampilan yang trendi dan kenyamanan yang tak tertandingi, Crewneck Greenlight adalah investasi gaya yang tak akan mengecewakan. Jadi, siap untuk merasakan kenyamanan dan keanggunan kasual yang istimewa dengan Crewneck Greenlight ini!
Detail
Produk Original Greenlight
Bahan: Katun Fleece Polyester
Regular Fit - City Shirt
Warna:
> Jet Black (Hitam)
> Pelican (Cream)
Ukuran
S : Lebar Dada 58 cm, Panjang Badan 64 cm, Panjang Tangan 60 cm
M : Lebar Dada 60 cm, Panjang Badan 66 cm, Panjang Tangan 61 cm
L : Lebar Dada 62 cm, Panjang Badan 68 cm, Panjang Tangan 62 cm
XL : Lebar Dada 64 cm, Panjang Badan 70 cm, Panjang Tangan 63 cm
Catatan
Toleransi Ukuran (-+) 1-3 cm
Warna mungkin dapat berbeda akibat cahaya saat pengambilan gambar maupun kondisi gadget saat melihat gambar ini"
Famo Kemeja Lengan Panjang Pria Kerah Mandarin Katun 010324,https://images.tokopedia.net/img/cache/300-square/hDjmkQ/2024/4/18/99d87fd4-672e-406e-b5b6-201760a8fdaf.jpg,Rp239.200,20,0,0,"Famo Kemeja Pria
Buat gaya fashionmu menjadi next level dengan Kemeja Famo! Didesain dengan lengan panjang dan bahan katun poplin yang berkualitas, kemeja ini menjamin kenyamanan dan gaya. Ditambah lagi dengan kerah mandarin yang keren, kemeja ini akan membuat Anda tampil standout di setiap kesempatan. Cocok dipakai untuk acara formal atau santai, kemeja Famo ini akan menjadi tambahan yang sempurna untuk lemari pakaian Anda. Jadikan kemeja Famo sebagai pilihan utama Anda untuk tampil gaya dan berkelas setiap saat!
Detail
Produk Original Famo
Bahan: Katun Poplin
Regular Fit
Warna: Putih
Ukuran
S : Lebar Dada 54 cm, Panjang Badan 71 cm, Panjang Tangan 62 cm
M : Lebar Dada 56 cm, Panjang Badan 73 cm, Panjang Tangan 63 cm
L : Lebar Dada 58 cm, Panjang Badan 75 cm, Panjang Tangan 64 cm
XL : Lebar Dada 60 cm, Panjang Badan 77 cm, Panjang Tangan 65 cm
Catatan
Toleransi Ukuran (-+) 1-3 cm
Warna mungkin dapat berbeda akibat cahaya saat pengambilan gambar maupun kondisi gadget saat melihat gambar ini"
Famo Kemeja Lengan Pendek Flanel Plaid Kotak-Kotak C010224,https://images.tokopedia.net/img/cache/300-square/hDjmkQ/2024/4/18/3e006a10-2a68-4290-a414-3efb700fd3e7.jpg,Rp271.200,20,100,2,"Famo Kemeja Pria
Siapa yang tidak ingin penampilannya diperhatikan? Kamu ingin terlihat keren tanpa harus repot, kan? Nah, itu sebabnya, Kemeja Flanel dari FAMO ini bisa jadi solusinya! Terbuat dari katun flanel, jadi bahan yang lembut dan nyaman banget dipakainya. Kamu bisa pakai ini di mana saja, dari acara formal sampai santai. Pokoknya, nggak salah deh pilih kemeja flanel dari FAMO ini buat tambah percaya diri!
Detail
Produk Original Famo
Bahan: Katun Flanel
Warna:
> Hitam
> Navy
Ukuran
S : Lebar Dada 54 cm, Panjang Badan 71 cm, Panjang Tangan 24 cm
M : Lebar Dada 56 cm, Panjang Badan 73 cm, Panjang Tangan 25 cm
L : Lebar Dada 58 cm, Panjang Badan 75 cm, Panjang Tangan 26 cm
XL : Lebar Dada 60 cm, Panjang Badan 77 cm, Panjang Tangan 27 cm
Catatan
Toleransi Ukuran (-+) 1-3 cm
Warna mungkin dapat berbeda akibat cahaya saat pengambilan gambar maupun kondisi gadget saat melihat gambar ini"
Greenlight Kaos Wanita Lengan Pendek Katun Karachan OL-C080424,https://images.tokopedia.net/img/cache/300-square/VqbcmM/2024/4/23/52dceb9f-9b3b-49cd-8f71-dcc61f56d5ca.jpg,Rp99.499,47,0,0,"Greenlight Kaos Wanita
Kaos Wanita Lengan Pendek, Katun Lightweight -- Punya banyak outer, kemeja, dan jaket? Buat outfitmu menjadi baru dan stylish dengan kaos ini! Bahkan digunakan tanpa tambahan apapun, padu padankan dengan berbagai bawahan kaos ini akan cocok untuk menemani harimu!
Detail
Produk Original Greenlight
Bahan: Katun
Warna:
> Dark Navy (Hitam Kebiruan)
> White (Putih)
Ukuran
S : Lebar Dada 45 cm, Panjang Badan 58 cm, Panjang Tangan 19.5 cm
M : Lebar Dada 47 cm, Panjang Badan 60 cm, Panjang Tangan 20.5 cm
L : Lebar Dada 49 cm, Panjang Badan 62 cm, Panjang Tangan 21.5 cm
XL : Lebar Dada 51 cm, Panjang Badan 64 cm, Panjang Tangan 22.5 cm
Catatan
Toleransi Ukuran (-+) 1-3 cm
Warna mungkin dapat berbeda akibat cahaya saat pengambilan foto maupun kondisi gadget saat melihat foto ini"
3Second x RRQ Kaos Pria Lengan Pendek Regular Typo C260424,https://images.tokopedia.net/img/cache/300-square/hDjmkQ/2024/4/18/5f4df0ae-8524-44a8-a4bb-f9b5abab08bf.jpg,Rp159.200,20,0,0,"3Second x RRQ
RRQ sebagai salah satu team E-Sports terbaik di Indonesia kini berkolaborasi dengan 3Second untuk mempersembahkan koleksi pakaian terbaru yang stylish. Seperti perjuangan team E-Sports RRQ, koleksi kolaborasi ini pun dibuat dengan sangat telaten sehingga menghasilkan karya terbaik dan ciamik untuk digunakan sehari-hari. Beli sekarang dan buktikan dukunganmu pada team RRQ melalui koleksi 3Second x RRQ ini!
Detail
Produk Original 3Second x RRQ
Bahan: Polyester Spandeks
Warna:
> Mustard (Kuning)
> Mocha Mousse (Coklat)
> Orchid (Ungu)
Ukuran
S : Lebar Dada 52 cm, Panjang Badan 71 cm, Panjang Tangan 22 cm
M : Lebar Dada 54 cm, Panjang Badan 73 cm, Panjang Tangan 23 cm
L : Lebar Dada 56 cm, Panjang Badan 75 cm, Panjang Tangan 24 cm
XL : Lebar Dada 58 cm, Panjang Badan 77 cm, Panjang Tangan 25 cm
Catatan
Toleransi Ukuran (-+) 1-3 cm
Warna mungkin dapat berbeda akibat cahaya saat pengambilan gambar maupun kondisi gadget saat melihat gambar ini
#YouAreWhatYouWear"
3Second Kaos Wanita Lengan Pendek Boxy OL-C230424,https://images.tokopedia.net/img/cache/300-square/hDjmkQ/2024/4/18/bcd593fa-c28d-4eb9-9824-86506dc5d257.jpg,Rp89.499,47,100,2,"3Second Kaos Wanita
Kaos Wanita, Boxy Cut -- Take a LOOK! Kaos Wanita dari 3Second yang terbuat dari bahan katun yang nyaman banget! Dengan potongan yang Boxy Cut, kaos ini cocok banget buat kamu yang suka gaya santai dan kekinian. Bahan katunnya memberikan sentuhan lembut pada kulitmu, membuatnya nyaman dipakai sepanjang hari. Gak perlu ribet, kaos ini pas banget dipadukan dengan celana jeans atau rok kesukaanmu.
Detail
Produk Original 3Second
Bahan: Polyester Spandeks
Warna:
> Biru Sedang
> Hitam Reaktif
Ukuran
S : Lebar Dada 47 cm, Panjang Badan 53 cm, Panjang Tangan 19.5 cm
M : Lebar Dada 49 cm, Panjang Badan 55 cm, Panjang Tangan 20.5 cm
L : Lebar Dada 51 cm, Panjang Badan 57 cm, Panjang Tangan 21.5 cm
XL : Lebar Dada 53 cm, Panjang Badan 59 cm, Panjang Tangan 22.5 cm
Catatan
Toleransi Ukuran (-+) 1-3 cm
Warna mungkin dapat berbeda akibat cahaya saat pengambilan gambar maupun kondisi gadget saat melihat gambar ini"
FMC Kemeja Pria Lengan Panjang Half Patch Denim 010424,https://images.tokopedia.net/img/cache/300-square/hDjmkQ/2024/4/18/d8b377aa-e2ca-4967-bfad-56ea9e876520.jpg,Rp321.750,25,0,0,"FMC Jaket Pria
Half Patch Shirt -- Terbuat dari bahan katun denim berkualitas, kemeja ini tidak hanya memberikan tampilan yang trendi, tetapi juga nyaman dipakai sepanjang hari. Desain half patch memberikan sentuhan eksotis pada penampilan Anda, menjadikannya pilihan yang menonjol di tengah keramaian. Cocok dipadukan dengan celana jeans atau celana chino untuk tampilan yang kasual namun tetap modis!
Detail
Produk Original FMC
Bahan: Katun Denim
Warna: Blue Black, Black, Charcoal
Ukuran
S : Lebar Dada 54 cm, Panjang Badan 72 cm, Panjang Tangan 65.5 cm
M : Lebar Dada 56 cm, Panjang Badan 74 cm, Panjang Tangan 66.5 cm
L : Lebar Dada 58 cm, Panjang Badan 76 cm, Panjang Tangan 67.5 cm
XL : Lebar Dada 60 cm, Panjang Badan 78 cm, Panjang Tangan 68.5 cm
Catatan
Toleransi Ukuran (-+) 1-3 cm
Warna mungkin dapat berbeda akibat cahaya saat pengambilan gambar maupun kondisi gadget saat melihat gambar ini"
3Second Kaos Wanita Lengan Pendek Katun OL-C170424,https://images.tokopedia.net/img/cache/300-square/hDjmkQ/2024/4/18/af4fed35-3a09-4e6d-8b92-a0e0ff36ee88.jpg,Rp99.499,47,100,1,"3Second Kaos Wanita
Kaos Wanita, Lengan Pendek -- Take a LOOK! Kaos Wanita dari 3Second yang terbuat dari bahan katun yang nyaman banget! Kaos ini cocok banget buat kamu yang suka gaya santai dan kekinian. Bahan katunnya memberikan sentuhan lembut pada kulitmu, membuatnya nyaman dipakai sepanjang hari. Gak perlu ribet, kaos ini pas banget dipadukan dengan celana jeans atau rok kesukaanmu.
Detail
Produk Original 3Second
Bahan: Katun
Warna:
> Hitam Reaktif
> Ungu Muda
Ukuran
S : Lebar Dada 45 cm, Panjang Badan 58 cm, Panjang Tangan 19.5 cm
M : Lebar Dada 47 cm, Panjang Badan 60 cm, Panjang Tangan 20.5 cm
L : Lebar Dada 49 cm, Panjang Badan 62 cm, Panjang Tangan 21.5 cm
XL : Lebar Dada 51 cm, Panjang Badan 64 cm, Panjang Tangan 22.5 cm
Catatan
Toleransi Ukuran (-+) 1-3 cm
Warna mungkin dapat berbeda akibat cahaya saat pengambilan foto maupun kondisi gadget saat melihat foto ini"
3Second Celana Panjang Jeans Pria Titus C050923,https://images.tokopedia.net/img/cache/300-square/hDjmkQ/2024/4/18/daac9854-98e0-47bd-8d07-fd49c8acec69.jpg,Rp411.750,25,0,0,"3Second Celana Denim
Siapa bilang pria tidak perlu tampil keren? Dengan Celana Jeans dari 3Second, penampilanmu bisa semakin stylish tanpa harus repot! Terbuat dari bahan denim yang berkualitas, celana ini tidak hanya membuatmu terlihat keren, tetapi juga nyaman dipakai sepanjang hari. Cocok untuk berbagai kesempatan, mulai dari hangout bersama teman hingga acara semi-formal. Jadikan Celana Jeans 3Second sebagai pilihan utamamu untuk penampilan yang menarik dan percaya diri setiap saat!
Detail
Produk Original 3Second
Bahan: Katun Spandeks
Warna:
[05] Dark Wash
[06] Light Wash
Ukuran
29: Lebar Pinggang 40.5 cm, Panjang Celana 102.5 cm,Lebar Bawah 19.5 cm, Lebar Paha 31.5 cm
30: Lebar Pinggang 41.75 cm, Panjang Celana 103.5 cm,Lebar Bawah 20.5 cm, Lebar Paha 32.75 cm
32: Lebar Pinggang 43 cm, Panjang Celana 107 cm,Lebar Bawah 21.5 cm, Lebar Paha 34 cm
34: Lebar Pinggang 44.25 cm, Panjang Celana 108 cm,Lebar Bawah 22.5 cm, Lebar Paha 35.25 cm
36: Lebar Pinggang 45.5 cm, Panjang Celana 109 cm,Lebar Bawah 23.5 cm, Lebar Paha 36.5 cm
Catatan
Toleransi Ukuran (-+) 1-3 cm
Warna mungkin dapat berbeda akibat cahaya saat pengambilan gambar maupun kondisi gadget saat melihat gambar ini"
Greenlight Kaos Wanita Lengan Pendek Katun Onisuka OL-190424,https://images.tokopedia.net/img/cache/300-square/hDjmkQ/2024/4/17/7488db6e-d197-456a-9cf6-972f7f7d39e3.jpg,Rp89.500,50,0,0,"Greenlight Kaos Wanita
Punya banyak outer, kemeja, dan jaket? Buat outfitmu menjadi baru dan stylish dengan kaos ini! Bahkan digunakan tanpa tambahan apapun, padu padankan dengan berbagai bawahan kaos ini akan cocok untuk menemani harimu!
Detail
Produk Original Greenlight
Bahan: Katun
Warna:
> Off White (Putih)
> Jet Black (Hitam)
Ukuran
S : Lebar Dada 45 cm, Panjang Badan 58 cm, Panjang Tangan 19.5 cm
M : Lebar Dada 47 cm, Panjang Badan 60 cm, Panjang Tangan 20.5 cm
L : Lebar Dada 49 cm, Panjang Badan 62 cm, Panjang Tangan 21.5 cm
XL : Lebar Dada 51 cm, Panjang Badan 64 cm, Panjang Tangan 22.5 cm
Catatan
Toleransi Ukuran (-+) 1-3 cm
Warna mungkin dapat berbeda akibat cahaya saat pengambilan foto maupun kondisi gadget saat melihat foto ini"
Greenlight Kaos Wanita Lengan Pendek Katun Shimaru OL-C170424,https://images.tokopedia.net/img/cache/300-square/hDjmkQ/2024/4/17/7208d364-a974-4535-aa4d-a4e8b780bac7.jpg,Rp89.500,50,95,4,"Greenlight Kaos Wanita
Kaos Wanita Lengan Pendek, Katun Lightweight -- Punya banyak outer, kemeja, dan jaket? Buat outfitmu menjadi baru dan stylish dengan kaos ini! Bahkan digunakan tanpa tambahan apapun, padu padankan dengan berbagai bawahan kaos ini akan cocok untuk menemani harimu!
Detail
Produk Original Greenlight
Bahan: Katun
Warna:
> Whipped Pink
> Off White (Putih)
Ukuran
S : Lebar Dada 45 cm, Panjang Badan 58 cm, Panjang Tangan 19.5 cm
M : Lebar Dada 47 cm, Panjang Badan 60 cm, Panjang Tangan 20.5 cm
L : Lebar Dada 49 cm, Panjang Badan 62 cm, Panjang Tangan 21.5 cm
XL : Lebar Dada 51 cm, Panjang Badan 64 cm, Panjang Tangan 22.5 cm
Catatan
Toleransi Ukuran (-+) 1-3 cm
Warna mungkin dapat berbeda akibat cahaya saat pengambilan foto maupun kondisi gadget saat melihat foto ini"
Greenlight Kaos Pria Regular Fit Katun Milan OL-C120424,https://images.tokopedia.net/img/cache/300-square/hDjmkQ/2024/4/17/639d5066-d970-4dfc-acd6-9bd33446d0a4.jpg,Rp129.500,41,96,5,"Greenlight Kaos Pria
Kaos Regular Fit, Katun Lengan Pendek -- Cocok banget buat yang suka tampil simpel tapi tetap kece. Bahan katunnya bikin adem dan nyaman dipakai sehari-hari. Dengan desain yang timeless dan warna yang versatile, kaos ini gampang dipaduin dengan celana jeans atau celana favorit lainnya. Jadi, siap-siap buat tampil keren tanpa usaha berlebihan dengan Kaos Pria Greenlight ini! 👕✨
Detail
Produk Original Greenlight
Bahan: Katun
Sablon Print DTF
Warna:
> Black (Hitam)
> White (Putih)
Ukuran
S : Lebar Dada 52 cm, Panjang Badan 71 cm, Panjang Tangan 22 cm
M : Lebar Dada 54 cm, Panjang Badan 73 cm, Panjang Tangan 23 cm
L : Lebar Dada 56 cm, Panjang Badan 75 cm, Panjang Tangan 24 cm
XL : Lebar Dada 58 cm, Panjang Badan 77 cm, Panjang Tangan 25 cm
Catatan
Toleransi Ukuran (-+) 1-3 cm
Warna mungkin dapat berbeda akibat cahaya saat pengambilan foto maupun kondisi gadget saat melihat foto ini"
Famo Kaos Pria Regular Fit Katun Script Logo Basic C100424,https://images.tokopedia.net/img/cache/300-square/hDjmkQ/2024/4/17/e478966e-9bce-40db-91b0-114166f8c41e.jpg,Rp146.300,30,0,0,"Famo Kaos Pria
Kaos Regular Fit, Katun Lengan Pendek -- Kamu yang anti ribet, dan ingin terlihat simple kemanapun dan kapanpun wajib punya kaos dari Famo! Mix n Matchnya yang mudah, dengan berbagai bawahan apapun kamu akan terlihat keren! Dapatkan sekarang dan rasakan kenyamanannya!
Detail
Produk Original Famo
Bahan: Katun
Kaos Pria Regular Fit
Warna:
> Navy (Biru)
> White (Putih)
Ukuran
S : Lebar Dada 52.5 cm, Panjang Badan 71 cm, Panjang Tangan 23.5 cm
M : Lebar Dada 54 cm, Panjang Badan 73 cm, Panjang Tangan 24.5 cm
L : Lebar Dada 55.5 cm, Panjang Badan 75 cm, Panjang Tangan 25.5 cm
XL : Lebar Dada 57 cm, Panjang Badan 75 cm, Panjang Tangan 25.5 cm
Catatan
Toleransi Ukuran (-+) 1-3 cm
Warna mungkin dapat berbeda akibat cahaya saat pengambilan gambar maupun kondisi gadget saat melihat gambar ini"
Greenlight Kaos Wanita Sleveless Cotton Fujiko OL-C020424,https://images.tokopedia.net/img/cache/300-square/hDjmkQ/2024/4/17/35cd82dd-52d2-4f80-a33e-2c54a4fd6b8d.jpg,Rp89.500,50,0,0,"Greenlight Kaos Wanita
Kaos Wanita Tanpa Lengan, Sleeveless, ""Believe You Can""-- Punya banyak outer, kemeja, dan jaket? Buat outfitmu menjadi baru dan stylish dengan kaos ini sebagai innernya! Bahkan digunakan tanpa tambahan apapun, padu padankan dengan berbagai bawahan kaos ini akan cocok untuk menemani harimu!
Detail
Produk Original Greenlight
Bahan: Katun
Kaos Wanita Sleeveless
Warna:
> Dusty Pink
> Biru Muda
Ukuran
S : Lebar Dada 47 cm, Panjang Badan 56 cm, Lebar Ketiak 16 cm
M : Lebar Dada 49 cm, Panjang Badan 58 cm, Lebar Ketiak 17 cm
L : Lebar Dada 51 cm, Panjang Badan 60 cm, Lebar Ketiak 18 cm
XL : Lebar Dada 53 cm, Panjang Badan 62 cm, Lebar Ketiak 19 cm
Catatan
Toleransi Ukuran (-+) 1-3 cm
Warna mungkin dapat berbeda akibat cahaya saat pengambilan foto maupun kondisi gadget saat melihat foto ini"
3Second Kaos Pria Relaxed Fit Heavyweight Cotton C160324,https://images.tokopedia.net/img/cache/300-square/hDjmkQ/2024/4/17/006ea18a-8805-45dc-880a-fcc616750ab8.jpg,Rp191.200,20,0,0,"3Second Kaos Pria
Tampil beda dengan gaya yang keren dengan Kaos 3Second dengan desain yang unik! Dibuat dari katun 10s berkualitas, kaos ini tidak hanya memberikan kenyamanan maksimal, tetapi juga menawarkan penampilan yang menonjol. Desain grafis di bagian belakang kaos menambahkan sentuhan trendi dan edgy pada penampilan Anda. Cocok dipadukan dengan celana jeans atau celana pendek untuk tampilan yang santai namun tetap stylish. Dengan Kaos 3Second, Anda siap untuk tampil beda dan menarik perhatian!
Detail
Produk Original 3Second
Bahan: Katun 10s
Regular Fit Kaos Pria
Warna:
> Garden Green (Hijau)
> Black (Hitam)
Ukuran
S : Lebar Dada 52 cm, Panjang Badan 71.5 cm, Panjang Tangan 25 cm
M : Lebar Dada 53.5 cm, Panjang Badan 73.5 cm, Panjang Tangan 26 cm
L : Lebar Dada 55 cm, Panjang Badan 75.5 cm, Panjang Tangan 27 cm
XL : Lebar Dada 56.5 cm, Panjang Badan 75.5 cm, Panjang Tangan 27 cm
Catatan
Toleransi Ukuran (-+) 1-3 cm
Warna mungkin dapat berbeda akibat cahaya saat pengambilan gambar maupun kondisi gadget saat melihat gambar ini"
Famo Kaos Pria Regular Fit Katun C150424,https://images.tokopedia.net/img/cache/300-square/hDjmkQ/2024/4/17/a0fd1454-baf2-4451-92ea-9a04ae3a5b9d.jpg,Rp146.300,30,100,1,"Famo Kaos Pria
Simple namun menawan, Anda akan terlihat percaya diri dan nyaman sepanjang hari! Cocok dipadukan dengan celana jeans atau celana pendek untuk tampilan yang santai namun tetap modis. Jadikan Kaos Pria Famo sebagai pilihan utama untuk penampilan yang keren dan tetap nyaman sepanjang hari!
Detail
Produk Original Famo
Bahan: Katun
Warna:
> White (Putih)
> Black (Hitam)
Ukuran
S : Lebar Dada 52.5 cm, Panjang Badan 71 cm, Panjang Tangan 23.5 cm
M : Lebar Dada 54 cm, Panjang Badan 73 cm, Panjang Tangan 24.5 cm
L : Lebar Dada 55.5 cm, Panjang Badan 75 cm, Panjang Tangan 25.5 cm
XL : Lebar Dada 57 cm, Panjang Badan 75 cm, Panjang Tangan 25.5 cm
Catatan
Toleransi Ukuran (-+) 1-3 cm
Warna mungkin dapat berbeda akibat cahaya saat pengambilan gambar maupun kondisi gadget saat melihat gambar ini"
3Second Kaos Wanita Lengan Pendek Katun Regular Fit OL-C150424,https://images.tokopedia.net/img/cache/300-square/hDjmkQ/2024/4/17/22f3c72e-488f-4eb7-9132-ae2757d25e66.jpg,Rp99.500,50,100,2,"3Second Kaos Wanita
Kaos Wanita, Lengan Pendek -- Take a LOOK! Kaos Wanita dari 3Second yang terbuat dari bahan katun yang nyaman banget! Kaos ini cocok banget buat kamu yang suka gaya santai dan kekinian. Bahan katunnya memberikan sentuhan lembut pada kulitmu, membuatnya nyaman dipakai sepanjang hari. Gak perlu ribet, kaos ini pas banget dipadukan dengan celana jeans atau rok kesukaanmu.
Detail
Produk Original 3Second
Bahan: Katun
Warna:
> Fairy Pink
> Dark Navy (Biru)
Ukuran
S : Lebar Dada 45 cm, Panjang Badan 58 cm, Panjang Tangan 19.5 cm
M : Lebar Dada 47 cm, Panjang Badan 60 cm, Panjang Tangan 20.5 cm
L : Lebar Dada 49 cm, Panjang Badan 62 cm, Panjang Tangan 21.5 cm
XL : Lebar Dada 51 cm, Panjang Badan 64 cm, Panjang Tangan 22.5 cm
Catatan
Toleransi Ukuran (-+) 1-3 cm
Warna mungkin dapat berbeda akibat cahaya saat pengambilan foto maupun kondisi gadget saat melihat foto ini"
3Second Kaos Pria Relaxed Fit Heavyweight Cotton Rugby C070324,https://images.tokopedia.net/img/cache/300-square/hDjmkQ/2024/4/17/168097eb-0d16-417c-ae97-24e86a04d12c.jpg,Rp228.650,15,0,0,"3Second Kaos Pria
Tampil beda dengan gaya yang keren dengan Kaos 3Second dengan desain yang unik! Dibuat dari katun 10s berkualitas, kaos ini tidak hanya memberikan kenyamanan maksimal, tetapi juga menawarkan penampilan yang menonjol. Desain grafis di bagian belakang kaos menambahkan sentuhan trendi dan edgy pada penampilan Anda. Cocok dipadukan dengan celana jeans atau celana pendek untuk tampilan yang santai namun tetap stylish. Dengan Kaos 3Second, Anda siap untuk tampil beda dan menarik perhatian!
Detail
Produk Original 3Second
Bahan: Katun 10s
Relaxed Fit Kaos Pria
Warna:
> White (Putih)
> Black (Hitam)
Ukuran
XS: Lebar Dada 55 cm,Panjang Badan 68 cm, Panjang Tangan 21 cm
S: Lebar Dada 57 cm, Panjang Badan 70 cm, Panjang Tangan 22 cm
M: Lebar Dada 59 cm, Panjang Badan 72 cm, Panjang Tangan 23 cm
L: Lebar Dada 61 cm, Panjang Badan 74 cm, Panjang Tangan 24 cm
XL:Lebar Dada 63 cm, Panjang Badan 76 cm, Panjang Tangan 25 cm
Catatan
Toleransi Ukuran (-+) 1-3 cm
Warna mungkin dapat berbeda akibat cahaya saat pengambilan gambar maupun kondisi gadget saat melihat gambar ini"
3Second Kemeja Pria Spencer Katun Seersucker Regular Fit  060224,https://images.tokopedia.net/img/cache/300-square/hDjmkQ/2024/4/17/5721c6f4-642f-4cd2-91d3-2fbf88aa0569.jpg,Rp263.200,20,0,0,"3Second Kemeja Pria
Kemeja ini dibuat dari bahan katun seersucker yang mewah, kemeja ini menawarkan tekstur unik dan sensasi ringan yang sempurna untuk berbagai kesempatan. Apa yang membuat katun seersucker istimewa? Bayangkan saja, sebuah kain yang tidak hanya membuat Anda tetap sejuk dan nyaman, tetapi juga menambah sentuhan elegan pada penampilan Anda. Tenun seersucker menciptakan efek kerut halus yang tidak hanya meningkatkan sirkulasi udara, tetapi juga memberikan kemeja ini penampilan yang berbeda dan menarik perhatian.
Detail
Produk Original 3Second
Bahan: Seersucker
Regular Fit -- Straight Collar
Warna:
> Whisper White (Putih)
> Black Beauty (Hitam)
Ukuran
S : Lebar Dada 54 cm, Panjang Badan 71 cm, Panjang Tangan 24 cm
M : Lebar Dada 56 cm, Panjang Badan 73 cm, Panjang Tangan 25 cm
L : Lebar Dada 58 cm, Panjang Badan 75 cm, Panjang Tangan 26 cm
XL : Lebar Dada 60 cm, Panjang Badan 77 cm, Panjang Tangan 28 cm
Catatan
Toleransi Ukuran (-+) 1-3 cm
Warna mungkin dapat berbeda akibat cahaya saat pengambilan foto maupun kondisi gadget saat melihat foto ini"
3Second Kaos Wanita Lengan Pendek Katun OL-C050424,https://images.tokopedia.net/img/cache/300-square/hDjmkQ/2024/4/17/ce1175a6-28b3-4831-a4b2-5f42380827b1.jpg,Rp89.499,47,0,0,"3Second Kaos Wanita
Kaos Wanita, Lengan Pendek -- Take a LOOK! Kaos Wanita dari 3Second yang terbuat dari bahan katun yang nyaman banget! Kaos ini cocok banget buat kamu yang suka gaya santai dan kekinian. Bahan katunnya memberikan sentuhan lembut pada kulitmu, membuatnya nyaman dipakai sepanjang hari. Gak perlu ribet, kaos ini pas banget dipadukan dengan celana jeans atau rok kesukaanmu.
Detail
Produk Original 3Second
Bahan: Katun
Warna:
> Putih Bluish
> Biru Muda
Ukuran
S : Lebar Dada 45 cm, Panjang Badan 58 cm, Panjang Tangan 19.5 cm
M : Lebar Dada 47 cm, Panjang Badan 60 cm, Panjang Tangan 20.5 cm
L : Lebar Dada 49 cm, Panjang Badan 62 cm, Panjang Tangan 21.5 cm
XL : Lebar Dada 51 cm, Panjang Badan 64 cm, Panjang Tangan 22.5 cm
Catatan
Toleransi Ukuran (-+) 1-3 cm
Warna mungkin dapat berbeda akibat cahaya saat pengambilan gambar maupun kondisi gadget saat melihat gambar ini"
3Second Kaos Wanita Crop Top Lengan Pendek Katun 010524,https://images.tokopedia.net/img/cache/300-square/hDjmkQ/2024/4/17/e157fa04-1429-469b-916d-b38e64974e1a.jpg,Rp151.200,20,0,0,"3Second Kaos Crop Top
🌸 Dirancang khusus untuk memberikan sentuhan kasual yang tetap stylish, croptop ini cocok untuk berbagai kesempatan. Bahan katun yang lembut memberikan kesejukan dan kenyamanan sepanjang hari, sementara desain croptop memberikan sentuhan modern pada penampilan Anda. Cocok dipadukan dengan celana jeans atau rok untuk tampilan yang santai namun tetap trendi. Tambahkan croptop ini ke koleksi pakaian Anda untuk gaya yang chic dan nyaman sepanjang hari!
Detail
Produk Original 3Second
Bahan: Katun
Warna: Tapioka Cream
Ukuran
S : Lebar Dada 53 cm, Panjang Badan 53.5 cm, Panjang Tangan 15 cm
M : Lebar Dada 55 cm, Panjang Badan 55.5 cm, Panjang Tangan 16 cm
L : Lebar Dada 57 cm, Panjang Badan 57.5 cm, Panjang Tangan 17 cm
XL : Lebar Dada 59 cm, Panjang Badan 59.5 cm, Panjang Tangan 18 cm
Catatan
Toleransi Ukuran (-+) 1-3 cm
Warna mungkin dapat berbeda akibat cahaya saat pengambilan gambar maupun kondisi gadget saat melihat gambar ini"
Greenlight Kaos Wanita Lengan Pendek Katun Marukochan OL-C090424,https://images.tokopedia.net/img/cache/300-square/hDjmkQ/2024/4/17/f8415244-9e3d-4103-8aad-a68c63cd4f4f.jpg,Rp99.499,47,100,2,"Greenlight Kaos Wanita
Kaos Wanita Lengan Pendek, Katun Lightweight -- Punya banyak outer, kemeja, dan jaket? Buat outfitmu menjadi baru dan stylish dengan kaos ini! Bahkan digunakan tanpa tambahan apapun, padu padankan dengan berbagai bawahan kaos ini akan cocok untuk menemani harimu!
Detail
Produk Original Greenlight
Bahan: Katun
Kaos Wanita Lighweight
Warna:
> Black (Hitam)
> Cream
Ukuran
S : Lebar Dada 45 cm, Panjang Badan 58 cm, Panjang Tangan 19.5 cm
M : Lebar Dada 47 cm, Panjang Badan 60 cm, Panjang Tangan 20.5 cm
L : Lebar Dada 49 cm, Panjang Badan 62 cm, Panjang Tangan 21.5 cm
XL : Lebar Dada 51 cm, Panjang Badan 64 cm, Panjang Tangan 22.5 cm
Catatan
Toleransi Ukuran (-+) 1-3 cm
Warna mungkin dapat berbeda akibat cahaya saat pengambilan gambar maupun kondisi gadget saat melihat gambar ini"
Greenlight Kaos Wanita Crop Top Lengan Panjang C140324,https://images.tokopedia.net/img/cache/300-square/hDjmkQ/2024/4/17/2dd6f92f-b42b-448f-9f05-2581d75b3607.jpg,Rp159.200,20,0,0,"Greenlight Kaos Wanita
Cropped T-Shirt, Kaos Crop Lengan Panjang, Kaos Wanita --
Dengan gaya yang trendi dan kesan yang modis, koleksi Kaos Crop Top menawarkan kombinasi sempurna antara gaya kasual dan kenyamanan sehari-hari. Didesain dengan detail yang menawan, kaos crop top ini memberikan sentuhan modern pada penampilan Anda. Dengan potongan yang pas dan nyaman, serta bahan berkualitas, kaos ini cocok untuk berbagai kesempatan, baik untuk santai bersama teman atau untuk menambahkan sentuhan chic pada tampilan santai Anda. Dapatkan gaya yang standout dan percaya diri dengan koleksi Kaos Crop Top Lengan Panjang Wanita Greenlight.
Detail
Produk Original Greenlight
Bahan: Polyester, Viscose, Spandeks
Warna:
> Snow White (Putih)
> Black (Hitam)
Ukuran
S : Lebar Dada 40.5 cm, Panjang Badan 44 cm, Panjang Tangan 58 cm
M : Lebar Dada 42.5 cm, Panjang Badan 46 cm, Panjang Tangan 59 cm
L : Lebar Dada 44.5 cm, Panjang Badan 48 cm, Panjang Tangan 60 cm
XL : Lebar Dada 46.5 cm, Panjang Badan 50 cm, Panjang Tangan 61 cm
Catatan
Toleransi Ukuran (-+) 1-3 cm
Warna mungkin dapat berbeda akibat cahaya saat pengambilan gambar maupun kondisi gadget saat melihat gambar ini"
